1 30044 Dewey McClain dewey.mcclain@house.ga.gov https://www.legis.ga.gov/api/images/default-source/portraits/mcclain-dewey-845.jpg
2 30043 Gregg Kennard gregg.kennard@house.ga.gov https://www.legis.ga.gov/api/images/default-source/portraits/kennard-gregg-4950.jpg
3 30024 Matt Reeves matt.reeves@house.ga.gov https://www.legis.ga.gov/api/images/default-source/portraits/reeves-matt-5040.jpg
4 30349 Tish Naghise tish.naghise@house.ga.gov https://www.legis.ga.gov/api/images/default-source/portraits/naghise-tish-5032.jpg
5 30040 Carter Barrett carter.barrett@house.ga.gov https://www.legis.ga.gov/api/images/default-source/portraits/barrett-carter-5020.jpg
6 30127 David Wilkerson david.wilkerson@house.ga.gov https://www.legis.ga.gov/api/images/default-source/portraits/wilkerson-david-760.jpg
7 30052 Reynaldo Martinez reynaldo.martinez@house.ga.gov https://www.legis.ga.gov/api/images/default-source/portraits/martinez-reynaldo--rey--5045.jpg
8 30041 Lauren McDonald lauren.mcdonald@house.ga.gov https://www.legis.ga.gov/api/images/default-source/portraits/mcdonald-lauren-4992.jpg
9 30281 Regina Lewis-Ward regina.lewis-ward@house.ga.gov https://www.legis.ga.gov/api/images/default-source/portraits/lewis-ward-regina-5001.jpg
10 30096 Ruwa Romman ruwa.romman@house.ga.gov https://www.legis.ga.gov/api/images/default-source/portraits/romman-ruwa-5039.jpg
11 30047 Jasmine Clark jasmine.clark@house.ga.gov https://www.legis.ga.gov/api/images/default-source/portraits/clark-jasmine-4953.jpg
12 30135 Mandisha Thomas mandisha.thomas@house.ga.gov https://www.legis.ga.gov/api/images/default-source/portraits/thomas-mandisha-4996.jpg
13 30004 Jan Jones jan.jones@house.ga.gov https://www.legis.ga.gov/api/images/default-source/portraits/jones-jan-142.jpg
14 30022 Scott Hilton scott.hilton@house.ga.gov https://www.legis.ga.gov/api/images/default-source/portraits/hilton-scott-4899.jpg
15 30188 Brad Thomas brad.thomas@house.ga.gov https://www.legis.ga.gov/api/images/default-source/portraits/thomas-brad-4991.jpg
16 30062 Sharon Cooper sharon.cooper@house.ga.gov https://www.legis.ga.gov/api/images/default-source/portraits/cooper-sharon-86.jpg
17 30331 Sheila Jones sheila.jones@house.ga.gov https://www.legis.ga.gov/api/images/default-source/portraits/jones-sheila-143.jpg
18 30058 Karen Bennett karen.bennett@house.ga.gov https://www.legis.ga.gov/api/images/default-source/portraits/bennett-karen-810.jpg
19 30101 Ginny Ehrhart ginny.ehrhart@house.ga.gov https://www.legis.ga.gov/api/images/default-source/portraits/ehrhart-ginny-4937.jpg
20 30906 Lynn Gladney lynn.gladney@house.ga.gov https://www.legis.ga.gov/api/images/default-source/portraits/gladney-lynn-5048.jpg
21 30083 Viola Davis viola.davis@house.ga.gov https://www.legis.ga.gov/api/images/default-source/portraits/davis-viola-4947.jpg
22 31907 Debbie Buckner debbie.buckner@house.ga.gov https://www.legis.ga.gov/api/images/default-source/portraits/buckner-debbie-71.jpg
23 30253 Regina Lewis-Ward regina.lewis-ward@house.ga.gov https://www.legis.ga.gov/api/images/default-source/portraits/lewis-ward-regina-5001.jpg
24 30263 Lynn Smith lynn.smith@house.ga.gov https://www.legis.ga.gov/api/images/default-source/portraits/smith-lynn-212.jpg
25 30144 Lisa Campbell lisa.campbell@house.ga.gov https://www.legis.ga.gov/api/images/default-source/portraits/campbell-lisa-5023.jpg
26 30066 Don Parsons don.parsons@house.ga.gov https://www.legis.ga.gov/api/images/default-source/portraits/parsons-don-184.jpg
27 30318 Inga Willis inga.willis@house.ga.gov https://www.legis.ga.gov/api/images/default-source/portraits/willis-inga-5027.jpg
28 30016 Sharon Henderson sharon.henderson@house.ga.gov https://www.legis.ga.gov/api/images/default-source/portraits/henderson-sharon-5003.jpg
29 31088 Bethany Ballard bethany.ballard@house.ga.gov https://www.legis.ga.gov/api/images/default-source/portraits/ballard-bethany-5051.jpg
30 31419 Carl Gilliard carl.gilliard@house.ga.gov https://www.legis.ga.gov/api/images/default-source/portraits/gilliard-carl-4881.jpg
31 30114 Mandi Ballinger mandi.ballinger@house.ga.gov https://www.legis.ga.gov/api/images/default-source/portraits/ballinger-mandi-808.jpg
32 30518 David Clark david.clark@house.ga.gov https://www.legis.ga.gov/api/images/default-source/portraits/clark-david-867.jpg
33 30075 Charles Martin chuck.martin@house.ga.gov https://www.legis.ga.gov/api/images/default-source/portraits/martin-chuck-164.jpg
34 30519 Soo Hong soo.hong@house.ga.gov https://www.legis.ga.gov/api/images/default-source/portraits/hong-soo-5042.jpg
35 30080 Doug Stoner doug.stoner@house.ga.gov https://www.legis.ga.gov/api/images/default-source/portraits/stoner-doug-45.jpg
36 30721 Kasey Carpenter kasey.carpenter@house.ga.gov https://www.legis.ga.gov/api/images/default-source/portraits/carpenter-kasey-4911.jpg
37 30093 Marvin Lim marvin.lim@house.ga.gov https://www.legis.ga.gov/api/images/default-source/portraits/lim-marvin-4999.jpg
38 30809 Jodi Lott jodi.lott@house.ga.gov https://www.legis.ga.gov/api/images/default-source/portraits/lott-jodi-4879.jpg
39 30236 Demetrius Douglas demetrius.douglas@house.ga.gov https://www.legis.ga.gov/api/images/default-source/portraits/douglas-demetrius-817.jpg
40 30157 Martin Momtahan martin.momtahan@house.ga.gov https://www.legis.ga.gov/api/images/default-source/portraits/momtahan-martin-4935.jpg
41 30115 Brad Thomas brad.thomas@house.ga.gov https://www.legis.ga.gov/api/images/default-source/portraits/thomas-brad-4991.jpg
42 30064 Devan Seabaugh devan.seabaugh@house.ga.gov https://www.legis.ga.gov/api/images/default-source/portraits/seabaugh-devan-5009.jpg
43 30228 Karen Mathiak karen.mathiak@house.ga.gov https://www.legis.ga.gov/api/images/default-source/portraits/mathiak-karen-4894.jpg
44 30039 Dar'shun Kendrick darshun.kendrick@house.ga.gov https://www.legis.ga.gov/api/images/default-source/portraits/kendrick-dar-shun-770.jpg
45 30458 Lehman Franklin lehman.franklin@house.ga.gov https://www.legis.ga.gov/api/images/default-source/portraits/franklin-lehman-5053.jpg
46 30252 Lauren Daniel lauren.daniel@house.ga.gov https://www.legis.ga.gov/api/images/default-source/portraits/daniel-lauren-5047.jpg
47 30907 Mark Newton mark.newton@house.ga.gov https://www.legis.ga.gov/api/images/default-source/portraits/newton-mark-4902.jpg
48 30606 Houston Gaines houston.gaines@house.ga.gov https://www.legis.ga.gov/api/images/default-source/portraits/gaines-houston-4955.jpg
49 30019 Reynaldo Martinez reynaldo.martinez@house.ga.gov https://www.legis.ga.gov/api/images/default-source/portraits/martinez-reynaldo--rey--5045.jpg
50 30076 Scott Hilton scott.hilton@house.ga.gov https://www.legis.ga.gov/api/images/default-source/portraits/hilton-scott-4899.jpg
51 30680 Marcus Wiedower marcus.wiedower@house.ga.gov https://www.legis.ga.gov/api/images/default-source/portraits/wiedower-marcus-4956.jpg
52 30132 Trey Kelley trey.kelley@house.ga.gov https://www.legis.ga.gov/api/images/default-source/portraits/kelley-trey-825.jpg
53 30097 Ruwa Romman ruwa.romman@house.ga.gov https://www.legis.ga.gov/api/images/default-source/portraits/romman-ruwa-5039.jpg
54 30067 Solomon Adesanya solomon.adesanya@house.ga.gov https://www.legis.ga.gov/api/images/default-source/portraits/adesanya-solomon-5025.jpg
55 30045 Gabe Okoye gabe.okoye@house.ga.gov https://www.legis.ga.gov/api/images/default-source/portraits/okoye-gabe-5041.jpg
56 30506 Lee Hawkins lee.hawkins@house.ga.gov https://www.legis.ga.gov/api/images/default-source/portraits/hawkins-lee-19.jpg
57 30813 Barry Fleming barry.fleming@house.ga.gov https://www.legis.ga.gov/api/images/default-source/portraits/fleming-barry-101.jpg
58 30032 Omari Crawford omari.crawford@house.ga.gov https://www.legis.ga.gov/api/images/default-source/portraits/crawford-omari-5036.jpg
59 30134 Kimberly New kimberly.new@house.ga.gov https://www.legis.ga.gov/api/images/default-source/portraits/new-kimberly-5030.jpg
60 30034 Omari Crawford omari.crawford@house.ga.gov https://www.legis.ga.gov/api/images/default-source/portraits/crawford-omari-5036.jpg
61 30102 Jordan Ridley jordan.ridley@house.ga.gov https://www.legis.ga.gov/api/images/default-source/portraits/ridley-jordan-5019.jpg
62 30152 Devan Seabaugh devan.seabaugh@house.ga.gov https://www.legis.ga.gov/api/images/default-source/portraits/seabaugh-devan-5009.jpg
63 30213 Lydia Glaize lydia.glaize@house.ga.gov https://www.legis.ga.gov/api/images/default-source/portraits/glaize-lydia-5031.jpg
64 30736 Mitchell Horner mitchell.horner@house.ga.gov https://www.legis.ga.gov/api/images/default-source/portraits/horner-mitchell-5018.jpg
65 30319 Karen Lupton karen.lupton@house.ga.gov https://www.legis.ga.gov/api/images/default-source/portraits/lupton-karen-5035.jpg
66 30126 Terry Cummings terry.cummings@house.ga.gov https://www.legis.ga.gov/api/images/default-source/portraits/cummings-terry-5024.jpg
67 30909 Brian Prince brian.prince@house.ga.gov https://www.legis.ga.gov/api/images/default-source/portraits/prince-brian-847.jpg
68 30605 Marcus Wiedower marcus.wiedower@house.ga.gov https://www.legis.ga.gov/api/images/default-source/portraits/wiedower-marcus-4956.jpg
69 30815 Gloria Frazier gloria.frazier@house.ga.gov https://www.legis.ga.gov/api/images/default-source/portraits/frazier-gloria-107.jpg
70 31313 Al Williams al.williams@house.ga.gov https://www.legis.ga.gov/api/images/default-source/portraits/williams-al-230.jpg
71 30238 Mike Glanton mike.glanton@house.ga.gov https://www.legis.ga.gov/api/images/default-source/portraits/glanton-mike-111.jpg
72 31061 Kenneth Vance kenneth.vance@house.ga.gov https://www.legis.ga.gov/api/images/default-source/portraits/vance-kenneth-5049.jpg
73 30701 Matt Barton matt.barton@house.ga.gov https://www.legis.ga.gov/api/images/default-source/portraits/barton-matt-4966.jpg
74 30165 Eddie Lumsden eddie.lumsden@house.ga.gov https://www.legis.ga.gov/api/images/default-source/portraits/lumsden-eddie-826.jpg
75 30078 Shelly Hutchinson shelly.hutchinson@house.ga.gov https://www.legis.ga.gov/api/images/default-source/portraits/hutchinson-shelly-4952.jpg
76 30120 Matthew Gambill matthew.gambill@house.ga.gov https://www.legis.ga.gov/api/images/default-source/portraits/gambill-matthew-4934.jpg
77 30294 Angela Moore angela.moore@house.ga.gov https://www.legis.ga.gov/api/images/default-source/portraits/moore-angela-5008.jpg
78 30038 Rhonda Taylor rhonda.taylor@house.ga.gov https://www.legis.ga.gov/api/images/default-source/portraits/taylor-rhonda-4998.jpg
79 30189 Charlice Byrd charlice.byrd@house.ga.gov https://www.legis.ga.gov/api/images/default-source/portraits/byrd-charlice-75.jpg
80 30005 Todd Jones todd.jones@house.ga.gov https://www.legis.ga.gov/api/images/default-source/portraits/jones-todd-4885.jpg
81 31909 Richard Smith richard.smith@house.ga.gov https://www.legis.ga.gov/api/images/default-source/portraits/smith-richard-213.jpg
82 30180 J Collins j.collins@house.ga.gov https://www.legis.ga.gov/api/images/default-source/portraits/collins-j-4892.jpg
83 30046 Gabe Okoye gabe.okoye@house.ga.gov https://www.legis.ga.gov/api/images/default-source/portraits/okoye-gabe-5041.jpg
84 30014 Tim Fleming tim.fleming@house.ga.gov https://www.legis.ga.gov/api/images/default-source/portraits/fleming-tim-5046.jpg
85 30060 Mary Frances Williams maryfrances.williams@house.ga.gov https://www.legis.ga.gov/api/images/default-source/portraits/williams-mary-frances-4938.jpg
86 30269 Josh Bonner josh.bonner@house.ga.gov https://www.legis.ga.gov/api/images/default-source/portraits/bonner-josh-4893.jpg
87 30084 Scott Holcomb scott.holcomb@house.ga.gov https://www.legis.ga.gov/api/images/default-source/portraits/holcomb-scott-769.jpg
88 30338 Long Tran long.tran@house.ga.gov https://www.legis.ga.gov/api/images/default-source/portraits/tran-long-5034.jpg
89 31405 Carl Gilliard carl.gilliard@house.ga.gov https://www.legis.ga.gov/api/images/default-source/portraits/gilliard-carl-4881.jpg
90 30087 Billy Mitchell billy.mitchell@house.ga.gov https://www.legis.ga.gov/api/images/default-source/portraits/mitchell-billy-172.jpg
91 30215 Karen Mathiak karen.mathiak@house.ga.gov https://www.legis.ga.gov/api/images/default-source/portraits/mathiak-karen-4894.jpg
92 30350 Esther Panitch esther.panitch@house.ga.gov https://www.legis.ga.gov/api/images/default-source/portraits/panitch-esther-5026.jpg
93 30328 Shea Roberts shea.roberts@house.ga.gov https://www.legis.ga.gov/api/images/default-source/portraits/roberts-shea-4994.jpg
94 30542 Derrick McCollum derrick.mccollum@house.ga.gov https://www.legis.ga.gov/api/images/default-source/portraits/mccollum-derrick-5022.jpg
95 30092 Ruwa Romman ruwa.romman@house.ga.gov https://www.legis.ga.gov/api/images/default-source/portraits/romman-ruwa-5039.jpg
96 30117 David Huddleston david.huddleston@house.ga.gov https://www.legis.ga.gov/api/images/default-source/portraits/huddleston-david-5033.jpg
97 30223 David Knight david.knight@house.ga.gov https://www.legis.ga.gov/api/images/default-source/portraits/knight-david-148.jpg
98 30265 Josh Bonner josh.bonner@house.ga.gov https://www.legis.ga.gov/api/images/default-source/portraits/bonner-josh-4893.jpg
99 31602 John LaHood john.lahood@house.ga.gov https://www.legis.ga.gov/api/images/default-source/portraits/lahood-john-4923.jpg
100 30344 Tanya Miller tanya.miller@house.ga.gov https://www.legis.ga.gov/api/images/default-source/portraits/miller-tanya-f-5029.jpg
101 30315 Tanya Miller tanya.miller@house.ga.gov https://www.legis.ga.gov/api/images/default-source/portraits/miller-tanya-f-5029.jpg
102 30008 Michael Smith michael.smith@house.ga.gov https://www.legis.ga.gov/api/images/default-source/portraits/smith-michael-832.jpg
103 31904 Vance Smith vance.smith@house.ga.gov https://www.legis.ga.gov/api/images/default-source/portraits/smith-vance-215.jpg
104 30316 Saira Draper saira.draper@house.ga.gov https://www.legis.ga.gov/api/images/default-source/portraits/draper-saira-5038.jpg
105 31406 Edna Jackson edna.jackson@house.ga.gov https://www.legis.ga.gov/api/images/default-source/portraits/jackson-edna-5011.jpg
106 30161 Katie Dempsey katie.dempsey@house.ga.gov https://www.legis.ga.gov/api/images/default-source/portraits/dempsey-katie-92.jpg
107 30094 Rhonda Taylor rhonda.taylor@house.ga.gov https://www.legis.ga.gov/api/images/default-source/portraits/taylor-rhonda-4998.jpg
108 31210 Dale Washburn dale.washburn@house.ga.gov https://www.legis.ga.gov/api/images/default-source/portraits/washburn-dale-4958.jpg
109 30068 Sharon Cooper sharon.cooper@house.ga.gov https://www.legis.ga.gov/api/images/default-source/portraits/cooper-sharon-86.jpg
110 31404 Edna Jackson edna.jackson@house.ga.gov https://www.legis.ga.gov/api/images/default-source/portraits/jackson-edna-5011.jpg
111 30705 Jason Ridley jason.ridley@house.ga.gov https://www.legis.ga.gov/api/images/default-source/portraits/ridley-jason-4883.jpg
112 30311 Inga Willis inga.willis@house.ga.gov https://www.legis.ga.gov/api/images/default-source/portraits/willis-inga-5027.jpg
113 30339 Doug Stoner doug.stoner@house.ga.gov https://www.legis.ga.gov/api/images/default-source/portraits/stoner-doug-45.jpg
114 30274 Yasmin Neal yasmin.neal@house.ga.gov https://www.legis.ga.gov/api/images/default-source/portraits/neal-yasmin-765.jpg
115 30012 Dar'shun Kendrick darshun.kendrick@house.ga.gov https://www.legis.ga.gov/api/images/default-source/portraits/kendrick-dar-shun-770.jpg
116 30341 Karen Lupton karen.lupton@house.ga.gov https://www.legis.ga.gov/api/images/default-source/portraits/lupton-karen-5035.jpg
117 30342 Betsy Holland betsy.holland@house.ga.gov https://www.legis.ga.gov/api/images/default-source/portraits/holland-betsy-4943.jpg
118 30028 Rick Jasperse rick.jasperse@house.ga.gov https://www.legis.ga.gov/api/images/default-source/portraits/jasperse-rick-755.jpg
119 31324 Jesse Petrea jesse.petrea@house.ga.gov https://www.legis.ga.gov/api/images/default-source/portraits/petrea-jesse-862.jpg
120 31601 John LaHood john.lahood@house.ga.gov https://www.legis.ga.gov/api/images/default-source/portraits/lahood-john-4923.jpg
121 30030 Omari Crawford omari.crawford@house.ga.gov https://www.legis.ga.gov/api/images/default-source/portraits/crawford-omari-5036.jpg
122 30214 Debra Bazemore debra.bazemore@house.ga.gov https://www.legis.ga.gov/api/images/default-source/portraits/bazemore-debra-4890.jpg
123 31705 Bill Yearta bill.yearta@house.ga.gov https://www.legis.ga.gov/api/images/default-source/portraits/yearta-bill-4969.jpg
124 30033 Mary Oliver mary.oliver@house.ga.gov https://www.legis.ga.gov/api/images/default-source/portraits/oliver-mary-margaret-181.jpg
125 30501 Matt Dubnik matt.dubnik@house.ga.gov https://www.legis.ga.gov/api/images/default-source/portraits/dubnik-matt-4886.jpg
126 30240 Vance Smith vance.smith@house.ga.gov https://www.legis.ga.gov/api/images/default-source/portraits/smith-vance-215.jpg
127 30088 Viola Davis viola.davis@house.ga.gov https://www.legis.ga.gov/api/images/default-source/portraits/davis-viola-4947.jpg
128 30248 Lauren Daniel lauren.daniel@house.ga.gov https://www.legis.ga.gov/api/images/default-source/portraits/daniel-lauren-5047.jpg
129 31204 Miriam Paris miriam.paris@house.ga.gov https://www.legis.ga.gov/api/images/default-source/portraits/paris-miriam-794.jpg
130 30340 Long Tran long.tran@house.ga.gov https://www.legis.ga.gov/api/images/default-source/portraits/tran-long-5034.jpg
131 30324 Stacey Evans stacey.evans@house.ga.gov https://www.legis.ga.gov/api/images/default-source/portraits/evans-stacey-762.jpg
132 30507 Emory Dunahoo emory.dunahoo@house.ga.gov https://www.legis.ga.gov/api/images/default-source/portraits/dunahoo-emory-797.jpg
133 31525 Buddy DeLoach buddy.deloach@house.ga.gov https://www.legis.ga.gov/api/images/default-source/portraits/deloach-buddy-303.jpg
134 30534 Will Wade will.wade@house.ga.gov https://www.legis.ga.gov/api/images/default-source/portraits/wade-will-4988.jpg
135 30549 Emory Dunahoo emory.dunahoo@house.ga.gov https://www.legis.ga.gov/api/images/default-source/portraits/dunahoo-emory-797.jpg
136 30741 Mike Cameron mike.cameron@house.ga.gov https://www.legis.ga.gov/api/images/default-source/portraits/cameron-mike-4986.jpg
137 30297 Rhonda Burnough rhonda.burnough@house.ga.gov https://www.legis.ga.gov/api/images/default-source/portraits/burnough-rhonda-4895.jpg
138 30224 David Knight david.knight@house.ga.gov https://www.legis.ga.gov/api/images/default-source/portraits/knight-david-148.jpg
139 30260 Sandra Scott sandra.scott@house.ga.gov https://www.legis.ga.gov/api/images/default-source/portraits/scott-sandra-766.jpg
140 31794 Penny Houston penny.houston@house.ga.gov https://www.legis.ga.gov/api/images/default-source/portraits/houston-penny-130.jpg
141 31763 Bill Yearta bill.yearta@house.ga.gov https://www.legis.ga.gov/api/images/default-source/portraits/yearta-bill-4969.jpg
142 31021 Matt Hatchett matt.hatchett@house.ga.gov https://www.legis.ga.gov/api/images/default-source/portraits/hatchett-matt-781.jpg
143 30309 Stacey Evans stacey.evans@house.ga.gov https://www.legis.ga.gov/api/images/default-source/portraits/evans-stacey-762.jpg
144 30296 Rhonda Burnough rhonda.burnough@house.ga.gov https://www.legis.ga.gov/api/images/default-source/portraits/burnough-rhonda-4895.jpg
145 31206 Miriam Paris miriam.paris@house.ga.gov https://www.legis.ga.gov/api/images/default-source/portraits/paris-miriam-794.jpg
146 30904 Karlton Howard karlton.howard@house.ga.gov https://www.legis.ga.gov/api/images/default-source/portraits/howard-karlton-5056.jpg
147 30533 Will Wade will.wade@house.ga.gov https://www.legis.ga.gov/api/images/default-source/portraits/wade-will-4988.jpg
148 30310 Phil Olaleye phil.olaleye@house.ga.gov https://www.legis.ga.gov/api/images/default-source/portraits/olaleye-phil-5028.jpg
149 30655 Bruce Williamson bruce.williamson@house.ga.gov https://www.legis.ga.gov/api/images/default-source/portraits/williamson-bruce-778.jpg
150 30329 Mary Oliver mary.oliver@house.ga.gov https://www.legis.ga.gov/api/images/default-source/portraits/oliver-mary-margaret-181.jpg
151 30720 Kasey Carpenter kasey.carpenter@house.ga.gov https://www.legis.ga.gov/api/images/default-source/portraits/carpenter-kasey-4911.jpg
152 30504 Matt Dubnik matt.dubnik@house.ga.gov https://www.legis.ga.gov/api/images/default-source/portraits/dubnik-matt-4886.jpg
153 31093 Robert Dickey robert.dickey@house.ga.gov https://www.legis.ga.gov/api/images/default-source/portraits/dickey-robert-791.jpg
154 31322 Ron Stephens ron.stephens@house.ga.gov https://www.legis.ga.gov/api/images/default-source/portraits/stephens-ron-219.jpg
155 30305 Inga Willis inga.willis@house.ga.gov https://www.legis.ga.gov/api/images/default-source/portraits/willis-inga-5027.jpg
156 30082 Doug Stoner doug.stoner@house.ga.gov https://www.legis.ga.gov/api/images/default-source/portraits/stoner-doug-45.jpg
157 30021 Imani Barnes imani.barnes@house.ga.gov https://www.legis.ga.gov/api/images/default-source/portraits/barnes-imani-5037.jpg
158 30122 Roger Bruce roger.bruce@house.ga.gov https://www.legis.ga.gov/api/images/default-source/portraits/bruce-roger-69.jpg
159 30233 Clint Crowe clint.crowe@house.ga.gov https://www.legis.ga.gov/api/images/default-source/portraits/crowe-clint-5002.jpg
160 30071 Pedro Marin pedro.marin@house.ga.gov https://www.legis.ga.gov/api/images/default-source/portraits/marin-pedro--pete--163.jpg
161 30013 Doreen Carter doreen.carter@house.ga.gov https://www.legis.ga.gov/api/images/default-source/portraits/carter-doreen-3877.jpg
162 30121 Matthew Gambill matthew.gambill@house.ga.gov https://www.legis.ga.gov/api/images/default-source/portraits/gambill-matthew-4934.jpg
163 30345 Scott Holcomb scott.holcomb@house.ga.gov https://www.legis.ga.gov/api/images/default-source/portraits/holcomb-scott-769.jpg
164 30017 Segun Adeyina segun.adeyina@house.ga.gov https://www.legis.ga.gov/api/images/default-source/portraits/adeyina-segun-5044.jpg
165 30306 Stacey Evans stacey.evans@house.ga.gov https://www.legis.ga.gov/api/images/default-source/portraits/evans-stacey-762.jpg
166 30168 Terry Cummings terry.cummings@house.ga.gov https://www.legis.ga.gov/api/images/default-source/portraits/cummings-terry-5024.jpg
167 30143 Rick Jasperse rick.jasperse@house.ga.gov https://www.legis.ga.gov/api/images/default-source/portraits/jasperse-rick-755.jpg
168 31410 Jesse Petrea jesse.petrea@house.ga.gov https://www.legis.ga.gov/api/images/default-source/portraits/petrea-jesse-862.jpg
169 30528 Stan Gunter stan.gunter@house.ga.gov https://www.legis.ga.gov/api/images/default-source/portraits/gunter-stan-4987.jpg
170 30314 Mesha Mainor mesha.mainor@house.ga.gov https://www.legis.ga.gov/api/images/default-source/portraits/mainor-mesha-4995.jpg
171 30116 David Huddleston david.huddleston@house.ga.gov https://www.legis.ga.gov/api/images/default-source/portraits/huddleston-david-5033.jpg
172 30241 David Jenkins david.jenkins@house.ga.gov https://www.legis.ga.gov/api/images/default-source/portraits/jenkins-david-5005.jpg
173 31707 David Sampson david.sampson@house.ga.gov https://www.legis.ga.gov/api/images/default-source/portraits/sampson-david-5052.jpg
174 30286 Beth Camp beth.camp@house.ga.gov https://www.legis.ga.gov/api/images/default-source/portraits/camp-beth-5004.jpg
175 31605 John LaHood john.lahood@house.ga.gov https://www.legis.ga.gov/api/images/default-source/portraits/lahood-john-4923.jpg
176 30312 Tanya Miller tanya.miller@house.ga.gov https://www.legis.ga.gov/api/images/default-source/portraits/miller-tanya-f-5029.jpg
177 30291 Tish Naghise tish.naghise@house.ga.gov https://www.legis.ga.gov/api/images/default-source/portraits/naghise-tish-5032.jpg
178 30141 Joseph Gullett joseph.gullett@house.ga.gov https://www.legis.ga.gov/api/images/default-source/portraits/gullett-joseph-4936.jpg
179 30106 David Wilkerson david.wilkerson@house.ga.gov https://www.legis.ga.gov/api/images/default-source/portraits/wilkerson-david-760.jpg
180 30125 Trey Kelley trey.kelley@house.ga.gov https://www.legis.ga.gov/api/images/default-source/portraits/kelley-trey-825.jpg
181 30601 Spencer Frye spencer.frye@house.ga.gov https://www.legis.ga.gov/api/images/default-source/portraits/frye-spencer-819.jpg
182 31312 Jon Burns jon.burns@house.ga.gov https://www.legis.ga.gov/api/images/default-source/portraits/burns-jon-73.jpg
183 30548 Emory Dunahoo emory.dunahoo@house.ga.gov https://www.legis.ga.gov/api/images/default-source/portraits/dunahoo-emory-797.jpg
184 30327 Sheila Jones sheila.jones@house.ga.gov https://www.legis.ga.gov/api/images/default-source/portraits/jones-sheila-143.jpg
185 31069 Noel Williams noel.williams@house.ga.gov https://www.legis.ga.gov/api/images/default-source/portraits/williams--jr-noel-4960.jpg
186 31792 Darlene Taylor darlene.taylor@house.ga.gov https://www.legis.ga.gov/api/images/default-source/portraits/taylor-darlene-786.jpg
187 30308 Park Cannon park.cannon@house.ga.gov https://www.legis.ga.gov/api/images/default-source/portraits/cannon-park-4880.jpg
188 30035 Imani Barnes imani.barnes@house.ga.gov https://www.legis.ga.gov/api/images/default-source/portraits/barnes-imani-5037.jpg
189 30512 Stan Gunter stan.gunter@house.ga.gov https://www.legis.ga.gov/api/images/default-source/portraits/gunter-stan-4987.jpg
190 31548 Steven Sainz steven.sainz@house.ga.gov https://www.legis.ga.gov/api/images/default-source/portraits/sainz-steven-4962.jpg
191 31503 James Burchett james.burchett@house.ga.gov https://www.legis.ga.gov/api/images/default-source/portraits/burchett-james-4967.jpg
192 31326 Bill Hitchens bill.hitchens@house.ga.gov https://www.legis.ga.gov/api/images/default-source/portraits/hitchens-bill-823.jpg
193 30277 Josh Bonner josh.bonner@house.ga.gov https://www.legis.ga.gov/api/images/default-source/portraits/bonner-josh-4893.jpg
194 30577 Chris Erwin chris.erwin@house.ga.gov https://www.legis.ga.gov/api/images/default-source/portraits/erwin-chris-4965.jpg
195 31768 Sam Watson sam.watson@house.ga.gov https://www.legis.ga.gov/api/images/default-source/portraits/watson-sam-837.jpg
196 31520 Rick Townsend rick.townsend@house.ga.gov https://www.legis.ga.gov/api/images/default-source/portraits/townsend-rick-5055.jpg
197 31558 Steven Sainz steven.sainz@house.ga.gov https://www.legis.ga.gov/api/images/default-source/portraits/sainz-steven-4962.jpg
198 31008 Robert Dickey robert.dickey@house.ga.gov https://www.legis.ga.gov/api/images/default-source/portraits/dickey-robert-791.jpg
199 31005 Shaw Blackmon shaw.blackmon@house.ga.gov https://www.legis.ga.gov/api/images/default-source/portraits/blackmon-shaw-1878.jpg
200 31407 Bill Hitchens bill.hitchens@house.ga.gov https://www.legis.ga.gov/api/images/default-source/portraits/hitchens-bill-823.jpg
201 31906 Tremaine Reese tremaine.reese@house.ga.gov https://www.legis.ga.gov/api/images/default-source/portraits/reese-tremaine-teddy-5050.jpg
202 30307 Saira Draper saira.draper@house.ga.gov https://www.legis.ga.gov/api/images/default-source/portraits/draper-saira-5038.jpg
203 31024 Trey Rhodes trey.rhodes@house.ga.gov https://www.legis.ga.gov/api/images/default-source/portraits/rhodes-trey-876.jpg
204 30677 Marcus Wiedower marcus.wiedower@house.ga.gov https://www.legis.ga.gov/api/images/default-source/portraits/wiedower-marcus-4956.jpg
205 31721 Gerald Greene gerald.greene@house.ga.gov https://www.legis.ga.gov/api/images/default-source/portraits/greene-gerald-115.jpg
206 30009 Charles Martin chuck.martin@house.ga.gov https://www.legis.ga.gov/api/images/default-source/portraits/martin-chuck-164.jpg
207 31401 Edna Jackson edna.jackson@house.ga.gov https://www.legis.ga.gov/api/images/default-source/portraits/jackson-edna-5011.jpg
208 30540 David Ralston david.ralston@house.ga.gov https://www.legis.ga.gov/api/images/default-source/portraits/ralston-david-189.jpg
209 31903 Tremaine Reese tremaine.reese@house.ga.gov https://www.legis.ga.gov/api/images/default-source/portraits/reese-tremaine-teddy-5050.jpg
210 31015 Noel Williams noel.williams@house.ga.gov https://www.legis.ga.gov/api/images/default-source/portraits/williams--jr-noel-4960.jpg
211 30728 Steve Tarvin steve.tarvin@house.ga.gov https://www.legis.ga.gov/api/images/default-source/portraits/tarvin-steve-849.jpg
212 31750 Leesa Hagan leesa.hagan@house.ga.gov https://www.legis.ga.gov/api/images/default-source/portraits/hagan-leesa-5010.jpg
213 30011 Chuck Efstration chuck.efstration@house.ga.gov https://www.legis.ga.gov/api/images/default-source/portraits/efstration-chuck-846.jpg
214 30179 J Collins j.collins@house.ga.gov https://www.legis.ga.gov/api/images/default-source/portraits/collins-j-4892.jpg
215 31701 Gerald Greene gerald.greene@house.ga.gov https://www.legis.ga.gov/api/images/default-source/portraits/greene-gerald-115.jpg
216 30276 David Jenkins david.jenkins@house.ga.gov https://www.legis.ga.gov/api/images/default-source/portraits/jenkins-david-5005.jpg
217 30153 Trey Kelley trey.kelley@house.ga.gov https://www.legis.ga.gov/api/images/default-source/portraits/kelley-trey-825.jpg
218 31216 James Beverly james.beverly@house.ga.gov https://www.legis.ga.gov/api/images/default-source/portraits/beverly-james-793.jpg
219 30273 Sandra Scott sandra.scott@house.ga.gov https://www.legis.ga.gov/api/images/default-source/portraits/scott-sandra-766.jpg
220 30656 Bruce Williamson bruce.williamson@house.ga.gov https://www.legis.ga.gov/api/images/default-source/portraits/williamson-bruce-778.jpg
221 31030 Patty Bentley patty.bentley@house.ga.gov https://www.legis.ga.gov/api/images/default-source/portraits/bentley-patty-811.jpg
222 31522 Rick Townsend rick.townsend@house.ga.gov https://www.legis.ga.gov/api/images/default-source/portraits/townsend-rick-5055.jpg
223 30901 Lynn Gladney lynn.gladney@house.ga.gov https://www.legis.ga.gov/api/images/default-source/portraits/gladney-lynn-5048.jpg
224 30824 Barry Fleming barry.fleming@house.ga.gov https://www.legis.ga.gov/api/images/default-source/portraits/fleming-barry-101.jpg
225 30707 Mike Cameron mike.cameron@house.ga.gov https://www.legis.ga.gov/api/images/default-source/portraits/cameron-mike-4986.jpg
226 30474 Leesa Hagan leesa.hagan@house.ga.gov https://www.legis.ga.gov/api/images/default-source/portraits/hagan-leesa-5010.jpg
227 31905 Mike Cheokas mike.cheokas@house.ga.gov https://www.legis.ga.gov/api/images/default-source/portraits/cheokas-mike-81.jpg
228 31217 Danny Mathis danny.mathis@house.ga.gov https://www.legis.ga.gov/api/images/default-source/portraits/mathis-danny-4959.jpg
229 31533 Clay Pirkle clay.pirkle@house.ga.gov https://www.legis.ga.gov/api/images/default-source/portraits/pirkle-clay-1877.jpg
230 31709 Patty Bentley patty.bentley@house.ga.gov https://www.legis.ga.gov/api/images/default-source/portraits/bentley-patty-811.jpg
231 30461 Jon Burns jon.burns@house.ga.gov https://www.legis.ga.gov/api/images/default-source/portraits/burns-jon-73.jpg
232 31029 Dale Washburn dale.washburn@house.ga.gov https://www.legis.ga.gov/api/images/default-source/portraits/washburn-dale-4958.jpg
233 31047 Noel Williams noel.williams@house.ga.gov https://www.legis.ga.gov/api/images/default-source/portraits/williams--jr-noel-4960.jpg
234 30107 Rick Jasperse rick.jasperse@house.ga.gov https://www.legis.ga.gov/api/images/default-source/portraits/jasperse-rick-755.jpg
235 30360 Long Tran long.tran@house.ga.gov https://www.legis.ga.gov/api/images/default-source/portraits/tran-long-5034.jpg
236 30517 Marcus Wiedower marcus.wiedower@house.ga.gov https://www.legis.ga.gov/api/images/default-source/portraits/wiedower-marcus-4956.jpg
237 31513 Bill Werkheiser bill.werkheiser@house.ga.gov https://www.legis.ga.gov/api/images/default-source/portraits/werkheiser-bill-863.jpg
238 30643 Alan Powell alan.powell@house.ga.gov https://www.legis.ga.gov/api/images/default-source/portraits/powell-alan-187.jpg
239 31516 Steven Meeks steven.meeks@house.ga.gov https://www.legis.ga.gov/api/images/default-source/portraits/meeks-steven-4961.jpg
240 31545 Steven Meeks steven.meeks@house.ga.gov https://www.legis.ga.gov/api/images/default-source/portraits/meeks-steven-4961.jpg
241 31220 Dale Washburn dale.washburn@house.ga.gov https://www.legis.ga.gov/api/images/default-source/portraits/washburn-dale-4958.jpg
242 30354 Kim Schofield kim.schofield@house.ga.gov https://www.legis.ga.gov/api/images/default-source/portraits/schofield-kim-4916.jpg
243 30635 Rob Leverett rob.leverett@house.ga.gov https://www.legis.ga.gov/api/images/default-source/portraits/leverett-rob-4993.jpg
244 39828 Darlene Taylor darlene.taylor@house.ga.gov https://www.legis.ga.gov/api/images/default-source/portraits/taylor-darlene-786.jpg
245 31032 Kenneth Vance kenneth.vance@house.ga.gov https://www.legis.ga.gov/api/images/default-source/portraits/vance-kenneth-5049.jpg
246 31211 Kenneth Vance kenneth.vance@house.ga.gov https://www.legis.ga.gov/api/images/default-source/portraits/vance-kenneth-5049.jpg
247 30830 Gloria Frazier gloria.frazier@house.ga.gov https://www.legis.ga.gov/api/images/default-source/portraits/frazier-gloria-107.jpg
248 31539 Bill Werkheiser bill.werkheiser@house.ga.gov https://www.legis.ga.gov/api/images/default-source/portraits/werkheiser-bill-863.jpg
249 30747 Eddie Lumsden eddie.lumsden@house.ga.gov https://www.legis.ga.gov/api/images/default-source/portraits/lumsden-eddie-826.jpg
250 30103 Mitchell Scoggins mitchell.scoggins@house.ga.gov https://www.legis.ga.gov/api/images/default-source/portraits/scoggins-mitchell-4964.jpg
251 30110 Tyler Paul Smith tyler.smith@house.ga.gov https://www.legis.ga.gov/api/images/default-source/portraits/smith-tyler-paul-4990.jpg
252 30317 Saira Draper saira.draper@house.ga.gov https://www.legis.ga.gov/api/images/default-source/portraits/draper-saira-5038.jpg
253 31501 James Burchett james.burchett@house.ga.gov https://www.legis.ga.gov/api/images/default-source/portraits/burchett-james-4967.jpg
254 31523 Buddy DeLoach buddy.deloach@house.ga.gov https://www.legis.ga.gov/api/images/default-source/portraits/deloach-buddy-303.jpg
255 31023 Danny Mathis danny.mathis@house.ga.gov https://www.legis.ga.gov/api/images/default-source/portraits/mathis-danny-4959.jpg
256 30204 Beth Camp beth.camp@house.ga.gov https://www.legis.ga.gov/api/images/default-source/portraits/camp-beth-5004.jpg
257 31632 John LaHood john.lahood@house.ga.gov https://www.legis.ga.gov/api/images/default-source/portraits/lahood-john-4923.jpg
258 30401 Butch Parrish butch.parrish@house.ga.gov https://www.legis.ga.gov/api/images/default-source/portraits/parrish-butch-183.jpg
259 30642 Trey Rhodes trey.rhodes@house.ga.gov https://www.legis.ga.gov/api/images/default-source/portraits/rhodes-trey-876.jpg
260 30650 Tim Fleming tim.fleming@house.ga.gov https://www.legis.ga.gov/api/images/default-source/portraits/fleming-tim-5046.jpg
261 30620 Marcus Wiedower marcus.wiedower@house.ga.gov https://www.legis.ga.gov/api/images/default-source/portraits/wiedower-marcus-4956.jpg
262 31014 Danny Mathis danny.mathis@house.ga.gov https://www.legis.ga.gov/api/images/default-source/portraits/mathis-danny-4959.jpg
263 30523 Victor Anderson victor.anderson@house.ga.gov https://www.legis.ga.gov/api/images/default-source/portraits/anderson-victor-4989.jpg
264 30337 Rhonda Burnough rhonda.burnough@house.ga.gov https://www.legis.ga.gov/api/images/default-source/portraits/burnough-rhonda-4895.jpg
265 31820 Debbie Buckner debbie.buckner@house.ga.gov https://www.legis.ga.gov/api/images/default-source/portraits/buckner-debbie-71.jpg
266 30513 David Ralston david.ralston@house.ga.gov https://www.legis.ga.gov/api/images/default-source/portraits/ralston-david-189.jpg
267 31316 Buddy DeLoach buddy.deloach@house.ga.gov https://www.legis.ga.gov/api/images/default-source/portraits/deloach-buddy-303.jpg
268 39819 Joe Campbell joe.campbell@house.ga.gov https://www.legis.ga.gov/api/images/default-source/portraits/campbell-joe-4970.jpg
269 30054 Tim Fleming tim.fleming@house.ga.gov https://www.legis.ga.gov/api/images/default-source/portraits/fleming-tim-5046.jpg
270 31535 James Burchett james.burchett@house.ga.gov https://www.legis.ga.gov/api/images/default-source/portraits/burchett-james-4967.jpg
271 30529 Chris Erwin chris.erwin@house.ga.gov https://www.legis.ga.gov/api/images/default-source/portraits/erwin-chris-4965.jpg
272 31415 Anne Allen Westbrook anneallen.westbrook@house.ga.gov https://www.legis.ga.gov/api/images/default-source/portraits/westbrook-anne-allen-5054.jpg
273 30313 Park Cannon park.cannon@house.ga.gov https://www.legis.ga.gov/api/images/default-source/portraits/cannon-park-4880.jpg
274 30467 Jon Burns jon.burns@house.ga.gov https://www.legis.ga.gov/api/images/default-source/portraits/burns-jon-73.jpg
275 30622 Houston Gaines houston.gaines@house.ga.gov https://www.legis.ga.gov/api/images/default-source/portraits/gaines-houston-4955.jpg
276 30436 Leesa Hagan leesa.hagan@house.ga.gov https://www.legis.ga.gov/api/images/default-source/portraits/hagan-leesa-5010.jpg
277 31757 Darlene Taylor darlene.taylor@house.ga.gov https://www.legis.ga.gov/api/images/default-source/portraits/taylor-darlene-786.jpg
278 31791 Bill Yearta bill.yearta@house.ga.gov https://www.legis.ga.gov/api/images/default-source/portraits/yearta-bill-4969.jpg
279 31408 Bill Hitchens bill.hitchens@house.ga.gov https://www.legis.ga.gov/api/images/default-source/portraits/hitchens-bill-823.jpg
280 31620 Sam Watson sam.watson@house.ga.gov https://www.legis.ga.gov/api/images/default-source/portraits/watson-sam-837.jpg
281 30814 Barry Fleming barry.fleming@house.ga.gov https://www.legis.ga.gov/api/images/default-source/portraits/fleming-barry-101.jpg
282 30417 Bill Werkheiser bill.werkheiser@house.ga.gov https://www.legis.ga.gov/api/images/default-source/portraits/werkheiser-bill-863.jpg
283 39817 Joe Campbell joe.campbell@house.ga.gov https://www.legis.ga.gov/api/images/default-source/portraits/campbell-joe-4970.jpg
284 30531 Victor Anderson victor.anderson@house.ga.gov https://www.legis.ga.gov/api/images/default-source/portraits/anderson-victor-4989.jpg
285 30268 Lydia Glaize lydia.glaize@house.ga.gov https://www.legis.ga.gov/api/images/default-source/portraits/glaize-lydia-5031.jpg
286 30025 Bruce Williamson bruce.williamson@house.ga.gov https://www.legis.ga.gov/api/images/default-source/portraits/williamson-bruce-778.jpg
287 30755 Mitchell Horner mitchell.horner@house.ga.gov https://www.legis.ga.gov/api/images/default-source/portraits/horner-mitchell-5018.jpg
288 30607 Houston Gaines houston.gaines@house.ga.gov https://www.legis.ga.gov/api/images/default-source/portraits/gaines-houston-4955.jpg
289 30439 Butch Parrish butch.parrish@house.ga.gov https://www.legis.ga.gov/api/images/default-source/portraits/parrish-butch-183.jpg
290 31639 Penny Houston penny.houston@house.ga.gov https://www.legis.ga.gov/api/images/default-source/portraits/houston-penny-130.jpg
291 31036 Noel Williams noel.williams@house.ga.gov https://www.legis.ga.gov/api/images/default-source/portraits/williams--jr-noel-4960.jpg
292 30427 Bill Werkheiser bill.werkheiser@house.ga.gov https://www.legis.ga.gov/api/images/default-source/portraits/werkheiser-bill-863.jpg
293 31082 Mack Jackson mack.jackson@house.ga.gov https://www.legis.ga.gov/api/images/default-source/portraits/jackson-mack-738.jpg
294 31027 Matt Hatchett matt.hatchett@house.ga.gov https://www.legis.ga.gov/api/images/default-source/portraits/hatchett-matt-781.jpg
295 31636 John Corbett john.corbett@house.ga.gov https://www.legis.ga.gov/api/images/default-source/portraits/corbett-john-859.jpg
296 31537 John Corbett john.corbett@house.ga.gov https://www.legis.ga.gov/api/images/default-source/portraits/corbett-john-859.jpg
297 31788 Sam Watson sam.watson@house.ga.gov https://www.legis.ga.gov/api/images/default-source/portraits/watson-sam-837.jpg
298 30453 Bill Werkheiser bill.werkheiser@house.ga.gov https://www.legis.ga.gov/api/images/default-source/portraits/werkheiser-bill-863.jpg
299 30666 Houston Gaines houston.gaines@house.ga.gov https://www.legis.ga.gov/api/images/default-source/portraits/gaines-houston-4955.jpg
300 30230 David Huddleston david.huddleston@house.ga.gov https://www.legis.ga.gov/api/images/default-source/portraits/huddleston-david-5033.jpg
301 30288 Saira Draper saira.draper@house.ga.gov https://www.legis.ga.gov/api/images/default-source/portraits/draper-saira-5038.jpg
302 31779 Joe Campbell joe.campbell@house.ga.gov https://www.legis.ga.gov/api/images/default-source/portraits/campbell-joe-4970.jpg
303 31064 Clint Crowe clint.crowe@house.ga.gov https://www.legis.ga.gov/api/images/default-source/portraits/crowe-clint-5002.jpg
304 30536 David Ralston david.ralston@house.ga.gov https://www.legis.ga.gov/api/images/default-source/portraits/ralston-david-189.jpg
305 31052 Robert Dickey robert.dickey@house.ga.gov https://www.legis.ga.gov/api/images/default-source/portraits/dickey-robert-791.jpg
306 31643 John LaHood john.lahood@house.ga.gov https://www.legis.ga.gov/api/images/default-source/portraits/lahood-john-4923.jpg
307 31510 Steven Meeks steven.meeks@house.ga.gov https://www.legis.ga.gov/api/images/default-source/portraits/meeks-steven-4961.jpg
308 31329 Jon Burns jon.burns@house.ga.gov https://www.legis.ga.gov/api/images/default-source/portraits/burns-jon-73.jpg
309 31793 Clay Pirkle clay.pirkle@house.ga.gov https://www.legis.ga.gov/api/images/default-source/portraits/pirkle-clay-1877.jpg
310 30217 David Huddleston david.huddleston@house.ga.gov https://www.legis.ga.gov/api/images/default-source/portraits/huddleston-david-5033.jpg
311 31411 Jesse Petrea jesse.petrea@house.ga.gov https://www.legis.ga.gov/api/images/default-source/portraits/petrea-jesse-862.jpg
312 30510 Chris Erwin chris.erwin@house.ga.gov https://www.legis.ga.gov/api/images/default-source/portraits/erwin-chris-4965.jpg
313 31087 Mack Jackson mack.jackson@house.ga.gov https://www.legis.ga.gov/api/images/default-source/portraits/jackson-mack-738.jpg
314 30752 Mike Cameron mike.cameron@house.ga.gov https://www.legis.ga.gov/api/images/default-source/portraits/cameron-mike-4986.jpg
315 30290 Tish Naghise tish.naghise@house.ga.gov https://www.legis.ga.gov/api/images/default-source/portraits/naghise-tish-5032.jpg
316 31546 Steven Meeks steven.meeks@house.ga.gov https://www.legis.ga.gov/api/images/default-source/portraits/meeks-steven-4961.jpg
317 30145 Mitchell Scoggins mitchell.scoggins@house.ga.gov https://www.legis.ga.gov/api/images/default-source/portraits/scoggins-mitchell-4964.jpg
318 31320 Al Williams al.williams@house.ga.gov https://www.legis.ga.gov/api/images/default-source/portraits/williams-al-230.jpg
319 39823 Gerald Greene gerald.greene@house.ga.gov https://www.legis.ga.gov/api/images/default-source/portraits/greene-gerald-115.jpg
320 30442 Gloria Frazier gloria.frazier@house.ga.gov https://www.legis.ga.gov/api/images/default-source/portraits/frazier-gloria-107.jpg
321 30566 Matt Dubnik matt.dubnik@house.ga.gov https://www.legis.ga.gov/api/images/default-source/portraits/dubnik-matt-4886.jpg
322 30753 Eddie Lumsden eddie.lumsden@house.ga.gov https://www.legis.ga.gov/api/images/default-source/portraits/lumsden-eddie-826.jpg
323 30535 Victor Anderson victor.anderson@house.ga.gov https://www.legis.ga.gov/api/images/default-source/portraits/anderson-victor-4989.jpg
324 31808 Vance Smith vance.smith@house.ga.gov https://www.legis.ga.gov/api/images/default-source/portraits/smith-vance-215.jpg
325 31308 Lehman Franklin lehman.franklin@house.ga.gov https://www.legis.ga.gov/api/images/default-source/portraits/franklin-lehman-5053.jpg
326 30662 Alan Powell alan.powell@house.ga.gov https://www.legis.ga.gov/api/images/default-source/portraits/powell-alan-187.jpg
327 30740 Steve Tarvin steve.tarvin@house.ga.gov https://www.legis.ga.gov/api/images/default-source/portraits/tarvin-steve-849.jpg
328 30554 Lee Hawkins lee.hawkins@house.ga.gov https://www.legis.ga.gov/api/images/default-source/portraits/hawkins-lee-19.jpg
329 30633 Alan Powell alan.powell@house.ga.gov https://www.legis.ga.gov/api/images/default-source/portraits/powell-alan-187.jpg
330 39845 Gerald Greene gerald.greene@house.ga.gov https://www.legis.ga.gov/api/images/default-source/portraits/greene-gerald-115.jpg
331 31730 Joe Campbell joe.campbell@house.ga.gov https://www.legis.ga.gov/api/images/default-source/portraits/campbell-joe-4970.jpg
332 31302 Ron Stephens ron.stephens@house.ga.gov https://www.legis.ga.gov/api/images/default-source/portraits/stephens-ron-219.jpg
333 31719 Mike Cheokas mike.cheokas@house.ga.gov https://www.legis.ga.gov/api/images/default-source/portraits/cheokas-mike-81.jpg
334 30553 Alan Powell alan.powell@house.ga.gov https://www.legis.ga.gov/api/images/default-source/portraits/powell-alan-187.jpg
335 31315 Buddy DeLoach buddy.deloach@house.ga.gov https://www.legis.ga.gov/api/images/default-source/portraits/deloach-buddy-303.jpg
336 30905 Brian Prince brian.prince@house.ga.gov https://www.legis.ga.gov/api/images/default-source/portraits/prince-brian-847.jpg
337 31321 Lehman Franklin lehman.franklin@house.ga.gov https://www.legis.ga.gov/api/images/default-source/portraits/franklin-lehman-5053.jpg
338 30530 Chris Erwin chris.erwin@house.ga.gov https://www.legis.ga.gov/api/images/default-source/portraits/erwin-chris-4965.jpg
339 31771 Sam Watson sam.watson@house.ga.gov https://www.legis.ga.gov/api/images/default-source/portraits/watson-sam-837.jpg
340 30546 Stan Gunter stan.gunter@house.ga.gov https://www.legis.ga.gov/api/images/default-source/portraits/gunter-stan-4987.jpg
341 30683 Trey Rhodes trey.rhodes@house.ga.gov https://www.legis.ga.gov/api/images/default-source/portraits/rhodes-trey-876.jpg
342 30176 Tyler Paul Smith tyler.smith@house.ga.gov https://www.legis.ga.gov/api/images/default-source/portraits/smith-tyler-paul-4990.jpg
343 39842 Mike Cheokas mike.cheokas@house.ga.gov https://www.legis.ga.gov/api/images/default-source/portraits/cheokas-mike-81.jpg
344 31554 Clay Pirkle clay.pirkle@house.ga.gov https://www.legis.ga.gov/api/images/default-source/portraits/pirkle-clay-1877.jpg
345 30108 Tyler Paul Smith tyler.smith@house.ga.gov https://www.legis.ga.gov/api/images/default-source/portraits/smith-tyler-paul-4990.jpg
346 30525 Victor Anderson victor.anderson@house.ga.gov https://www.legis.ga.gov/api/images/default-source/portraits/anderson-victor-4989.jpg
347 30742 Mitchell Horner mitchell.horner@house.ga.gov https://www.legis.ga.gov/api/images/default-source/portraits/horner-mitchell-5018.jpg
348 30187 Kimberly New kimberly.new@house.ga.gov https://www.legis.ga.gov/api/images/default-source/portraits/new-kimberly-5030.jpg
349 30817 Rob Leverett rob.leverett@house.ga.gov https://www.legis.ga.gov/api/images/default-source/portraits/leverett-rob-4993.jpg
350 31096 Matt Hatchett matt.hatchett@house.ga.gov https://www.legis.ga.gov/api/images/default-source/portraits/hatchett-matt-781.jpg
351 31201 James Beverly james.beverly@house.ga.gov https://www.legis.ga.gov/api/images/default-source/portraits/beverly-james-793.jpg
352 30735 Jason Ridley jason.ridley@house.ga.gov https://www.legis.ga.gov/api/images/default-source/portraits/ridley-jason-4883.jpg
353 30326 Betsy Holland betsy.holland@house.ga.gov https://www.legis.ga.gov/api/images/default-source/portraits/holland-betsy-4943.jpg
354 31635 James Burchett james.burchett@house.ga.gov https://www.legis.ga.gov/api/images/default-source/portraits/burchett-james-4967.jpg
355 30710 Jason Ridley jason.ridley@house.ga.gov https://www.legis.ga.gov/api/images/default-source/portraits/ridley-jason-4883.jpg
356 30646 Rob Leverett rob.leverett@house.ga.gov https://www.legis.ga.gov/api/images/default-source/portraits/leverett-rob-4993.jpg
357 30739 Steve Tarvin steve.tarvin@house.ga.gov https://www.legis.ga.gov/api/images/default-source/portraits/tarvin-steve-849.jpg
358 30184 Mitchell Scoggins mitchell.scoggins@house.ga.gov https://www.legis.ga.gov/api/images/default-source/portraits/scoggins-mitchell-4964.jpg
359 31833 Vance Smith vance.smith@house.ga.gov https://www.legis.ga.gov/api/images/default-source/portraits/smith-vance-215.jpg
360 30173 Eddie Lumsden eddie.lumsden@house.ga.gov https://www.legis.ga.gov/api/images/default-source/portraits/lumsden-eddie-826.jpg
361 30628 Rob Leverett rob.leverett@house.ga.gov https://www.legis.ga.gov/api/images/default-source/portraits/leverett-rob-4993.jpg
362 30673 Rob Leverett rob.leverett@house.ga.gov https://www.legis.ga.gov/api/images/default-source/portraits/leverett-rob-4993.jpg
363 30802 Rob Leverett rob.leverett@house.ga.gov https://www.legis.ga.gov/api/images/default-source/portraits/leverett-rob-4993.jpg
364 31031 Danny Mathis danny.mathis@house.ga.gov https://www.legis.ga.gov/api/images/default-source/portraits/mathis-danny-4959.jpg
365 30183 Mitchell Scoggins mitchell.scoggins@house.ga.gov https://www.legis.ga.gov/api/images/default-source/portraits/scoggins-mitchell-4964.jpg
366 30563 Chris Erwin chris.erwin@house.ga.gov https://www.legis.ga.gov/api/images/default-source/portraits/erwin-chris-4965.jpg
367 31774 Clay Pirkle clay.pirkle@house.ga.gov https://www.legis.ga.gov/api/images/default-source/portraits/pirkle-clay-1877.jpg
368 31804 Richard Smith richard.smith@house.ga.gov https://www.legis.ga.gov/api/images/default-source/portraits/smith-richard-213.jpg
369 39837 Gerald Greene gerald.greene@house.ga.gov https://www.legis.ga.gov/api/images/default-source/portraits/greene-gerald-115.jpg
370 31028 Bethany Ballard bethany.ballard@house.ga.gov https://www.legis.ga.gov/api/images/default-source/portraits/ballard-bethany-5051.jpg
371 31055 Danny Mathis danny.mathis@house.ga.gov https://www.legis.ga.gov/api/images/default-source/portraits/mathis-danny-4959.jpg
372 30543 Lee Hawkins lee.hawkins@house.ga.gov https://www.legis.ga.gov/api/images/default-source/portraits/hawkins-lee-19.jpg
373 30303 Park Cannon park.cannon@house.ga.gov https://www.legis.ga.gov/api/images/default-source/portraits/cannon-park-4880.jpg
374 31811 Vance Smith vance.smith@house.ga.gov https://www.legis.ga.gov/api/images/default-source/portraits/smith-vance-215.jpg
375 30002 Omari Crawford omari.crawford@house.ga.gov https://www.legis.ga.gov/api/images/default-source/portraits/crawford-omari-5036.jpg
376 31714 Clay Pirkle clay.pirkle@house.ga.gov https://www.legis.ga.gov/api/images/default-source/portraits/pirkle-clay-1877.jpg
377 30292 Beth Camp beth.camp@house.ga.gov https://www.legis.ga.gov/api/images/default-source/portraits/camp-beth-5004.jpg
378 31331 Buddy DeLoach buddy.deloach@house.ga.gov https://www.legis.ga.gov/api/images/default-source/portraits/deloach-buddy-303.jpg
379 31822 Vance Smith vance.smith@house.ga.gov https://www.legis.ga.gov/api/images/default-source/portraits/smith-vance-215.jpg
380 31901 Tremaine Reese tremaine.reese@house.ga.gov https://www.legis.ga.gov/api/images/default-source/portraits/reese-tremaine-teddy-5050.jpg
381 30415 Lehman Franklin lehman.franklin@house.ga.gov https://www.legis.ga.gov/api/images/default-source/portraits/franklin-lehman-5053.jpg
382 30621 Tim Fleming tim.fleming@house.ga.gov https://www.legis.ga.gov/api/images/default-source/portraits/fleming-tim-5046.jpg
383 30175 Rick Jasperse rick.jasperse@house.ga.gov https://www.legis.ga.gov/api/images/default-source/portraits/jasperse-rick-755.jpg
384 31569 Steven Sainz steven.sainz@house.ga.gov https://www.legis.ga.gov/api/images/default-source/portraits/sainz-steven-4962.jpg
385 31092 Patty Bentley patty.bentley@house.ga.gov https://www.legis.ga.gov/api/images/default-source/portraits/bentley-patty-811.jpg
386 30520 Alan Powell alan.powell@house.ga.gov https://www.legis.ga.gov/api/images/default-source/portraits/powell-alan-187.jpg
387 31634 John Corbett john.corbett@house.ga.gov https://www.legis.ga.gov/api/images/default-source/portraits/corbett-john-859.jpg
388 30434 Brian Prince brian.prince@house.ga.gov https://www.legis.ga.gov/api/images/default-source/portraits/prince-brian-847.jpg
389 30113 Tyler Paul Smith tyler.smith@house.ga.gov https://www.legis.ga.gov/api/images/default-source/portraits/smith-tyler-paul-4990.jpg
390 30629 Rob Leverett rob.leverett@house.ga.gov https://www.legis.ga.gov/api/images/default-source/portraits/leverett-rob-4993.jpg
391 30222 David Jenkins david.jenkins@house.ga.gov https://www.legis.ga.gov/api/images/default-source/portraits/jenkins-david-5005.jpg
392 30521 Alan Powell alan.powell@house.ga.gov https://www.legis.ga.gov/api/images/default-source/portraits/powell-alan-187.jpg
393 31305 Buddy DeLoach buddy.deloach@house.ga.gov https://www.legis.ga.gov/api/images/default-source/portraits/deloach-buddy-303.jpg
394 30104 Trey Kelley trey.kelley@house.ga.gov https://www.legis.ga.gov/api/images/default-source/portraits/kelley-trey-825.jpg
395 30220 David Jenkins david.jenkins@house.ga.gov https://www.legis.ga.gov/api/images/default-source/portraits/jenkins-david-5005.jpg
396 30457 Butch Parrish butch.parrish@house.ga.gov https://www.legis.ga.gov/api/images/default-source/portraits/parrish-butch-183.jpg
397 30582 Stan Gunter stan.gunter@house.ga.gov https://www.legis.ga.gov/api/images/default-source/portraits/gunter-stan-4987.jpg
398 30147 Eddie Lumsden eddie.lumsden@house.ga.gov https://www.legis.ga.gov/api/images/default-source/portraits/lumsden-eddie-826.jpg
399 31068 Patty Bentley patty.bentley@house.ga.gov https://www.legis.ga.gov/api/images/default-source/portraits/bentley-patty-811.jpg
400 31816 Debbie Buckner debbie.buckner@house.ga.gov https://www.legis.ga.gov/api/images/default-source/portraits/buckner-debbie-71.jpg
401 30558 Chris Erwin chris.erwin@house.ga.gov https://www.legis.ga.gov/api/images/default-source/portraits/erwin-chris-4965.jpg
402 30295 Beth Camp beth.camp@house.ga.gov https://www.legis.ga.gov/api/images/default-source/portraits/camp-beth-5004.jpg
403 31553 John Corbett john.corbett@house.ga.gov https://www.legis.ga.gov/api/images/default-source/portraits/corbett-john-859.jpg
404 31642 James Burchett james.burchett@house.ga.gov https://www.legis.ga.gov/api/images/default-source/portraits/burchett-james-4967.jpg
405 30346 Shea Roberts shea.roberts@house.ga.gov https://www.legis.ga.gov/api/images/default-source/portraits/roberts-shea-4994.jpg
406 31063 Patty Bentley patty.bentley@house.ga.gov https://www.legis.ga.gov/api/images/default-source/portraits/bentley-patty-811.jpg
407 31803 Mike Cheokas mike.cheokas@house.ga.gov https://www.legis.ga.gov/api/images/default-source/portraits/cheokas-mike-81.jpg
408 30557 Chris Erwin chris.erwin@house.ga.gov https://www.legis.ga.gov/api/images/default-source/portraits/erwin-chris-4965.jpg
409 39827 Joe Campbell joe.campbell@house.ga.gov https://www.legis.ga.gov/api/images/default-source/portraits/campbell-joe-4970.jpg
410 39840 Gerald Greene gerald.greene@house.ga.gov https://www.legis.ga.gov/api/images/default-source/portraits/greene-gerald-115.jpg
411 30139 Matt Barton matt.barton@house.ga.gov https://www.legis.ga.gov/api/images/default-source/portraits/barton-matt-4966.jpg
412 30725 Mike Cameron mike.cameron@house.ga.gov https://www.legis.ga.gov/api/images/default-source/portraits/cameron-mike-4986.jpg
413 31773 Darlene Taylor darlene.taylor@house.ga.gov https://www.legis.ga.gov/api/images/default-source/portraits/taylor-darlene-786.jpg
414 31645 Penny Houston penny.houston@house.ga.gov https://www.legis.ga.gov/api/images/default-source/portraits/houston-penny-130.jpg
415 31006 Patty Bentley patty.bentley@house.ga.gov https://www.legis.ga.gov/api/images/default-source/portraits/bentley-patty-811.jpg
416 30471 Butch Parrish butch.parrish@house.ga.gov https://www.legis.ga.gov/api/images/default-source/portraits/parrish-butch-183.jpg
417 30559 David Ralston david.ralston@house.ga.gov https://www.legis.ga.gov/api/images/default-source/portraits/ralston-david-189.jpg
418 31001 Noel Williams noel.williams@house.ga.gov https://www.legis.ga.gov/api/images/default-source/portraits/williams--jr-noel-4960.jpg
419 31806 Mike Cheokas mike.cheokas@house.ga.gov https://www.legis.ga.gov/api/images/default-source/portraits/cheokas-mike-81.jpg
420 30564 Lee Hawkins lee.hawkins@house.ga.gov https://www.legis.ga.gov/api/images/default-source/portraits/hawkins-lee-19.jpg
421 30808 Barry Fleming barry.fleming@house.ga.gov https://www.legis.ga.gov/api/images/default-source/portraits/fleming-barry-101.jpg
422 31543 John Corbett john.corbett@house.ga.gov https://www.legis.ga.gov/api/images/default-source/portraits/corbett-john-859.jpg
423 31089 Mack Jackson mack.jackson@house.ga.gov https://www.legis.ga.gov/api/images/default-source/portraits/jackson-mack-738.jpg
424 30560 David Ralston david.ralston@house.ga.gov https://www.legis.ga.gov/api/images/default-source/portraits/ralston-david-189.jpg
425 31091 Patty Bentley patty.bentley@house.ga.gov https://www.legis.ga.gov/api/images/default-source/portraits/bentley-patty-811.jpg
426 31566 John Corbett john.corbett@house.ga.gov https://www.legis.ga.gov/api/images/default-source/portraits/corbett-john-859.jpg
427 30750 Mike Cameron mike.cameron@house.ga.gov https://www.legis.ga.gov/api/images/default-source/portraits/cameron-mike-4986.jpg
428 30079 Karla Drenner karla.drenner@house.ga.gov https://www.legis.ga.gov/api/images/default-source/portraits/drenner-karla-95.jpg
429 30257 David Knight david.knight@house.ga.gov https://www.legis.ga.gov/api/images/default-source/portraits/knight-david-148.jpg
430 30565 Houston Gaines houston.gaines@house.ga.gov https://www.legis.ga.gov/api/images/default-source/portraits/gaines-houston-4955.jpg
431 30833 Brian Prince brian.prince@house.ga.gov https://www.legis.ga.gov/api/images/default-source/portraits/prince-brian-847.jpg
432 30527 Lee Hawkins lee.hawkins@house.ga.gov https://www.legis.ga.gov/api/images/default-source/portraits/hawkins-lee-19.jpg
433 30609 Spencer Frye spencer.frye@house.ga.gov https://www.legis.ga.gov/api/images/default-source/portraits/frye-spencer-819.jpg
434 31301 Al Williams al.williams@house.ga.gov https://www.legis.ga.gov/api/images/default-source/portraits/williams-al-230.jpg
435 30624 Rob Leverett rob.leverett@house.ga.gov https://www.legis.ga.gov/api/images/default-source/portraits/leverett-rob-4993.jpg
436 30055 Tim Fleming tim.fleming@house.ga.gov https://www.legis.ga.gov/api/images/default-source/portraits/fleming-tim-5046.jpg
437 30185 Lynn Smith lynn.smith@house.ga.gov https://www.legis.ga.gov/api/images/default-source/portraits/smith-lynn-212.jpg
438 30428 Leesa Hagan leesa.hagan@house.ga.gov https://www.legis.ga.gov/api/images/default-source/portraits/hagan-leesa-5010.jpg
439 30411 Leesa Hagan leesa.hagan@house.ga.gov https://www.legis.ga.gov/api/images/default-source/portraits/hagan-leesa-5010.jpg
440 30363 Mesha Mainor mesha.mainor@house.ga.gov https://www.legis.ga.gov/api/images/default-source/portraits/mainor-mesha-4995.jpg
441 31831 Richard Smith richard.smith@house.ga.gov https://www.legis.ga.gov/api/images/default-source/portraits/smith-richard-213.jpg
442 30828 Mack Jackson mack.jackson@house.ga.gov https://www.legis.ga.gov/api/images/default-source/portraits/jackson-mack-738.jpg
443 30259 David Jenkins david.jenkins@house.ga.gov https://www.legis.ga.gov/api/images/default-source/portraits/jenkins-david-5005.jpg
444 31098 Robert Dickey robert.dickey@house.ga.gov https://www.legis.ga.gov/api/images/default-source/portraits/dickey-robert-791.jpg
445 30738 Mike Cameron mike.cameron@house.ga.gov https://www.legis.ga.gov/api/images/default-source/portraits/cameron-mike-4986.jpg
446 30567 Emory Dunahoo emory.dunahoo@house.ga.gov https://www.legis.ga.gov/api/images/default-source/portraits/dunahoo-emory-797.jpg
447 30178 Mitchell Scoggins mitchell.scoggins@house.ga.gov https://www.legis.ga.gov/api/images/default-source/portraits/scoggins-mitchell-4964.jpg
448 31519 Clay Pirkle clay.pirkle@house.ga.gov https://www.legis.ga.gov/api/images/default-source/portraits/pirkle-clay-1877.jpg
449 31557 Steven Meeks steven.meeks@house.ga.gov https://www.legis.ga.gov/api/images/default-source/portraits/meeks-steven-4961.jpg
450 39897 Joe Campbell joe.campbell@house.ga.gov https://www.legis.ga.gov/api/images/default-source/portraits/campbell-joe-4970.jpg
451 31606 John Corbett john.corbett@house.ga.gov https://www.legis.ga.gov/api/images/default-source/portraits/corbett-john-859.jpg
452 30206 Beth Camp beth.camp@house.ga.gov https://www.legis.ga.gov/api/images/default-source/portraits/camp-beth-5004.jpg
453 30711 Jason Ridley jason.ridley@house.ga.gov https://www.legis.ga.gov/api/images/default-source/portraits/ridley-jason-4883.jpg
454 31815 Mike Cheokas mike.cheokas@house.ga.gov https://www.legis.ga.gov/api/images/default-source/portraits/cheokas-mike-81.jpg
455 31328 Jesse Petrea jesse.petrea@house.ga.gov https://www.legis.ga.gov/api/images/default-source/portraits/petrea-jesse-862.jpg
456 31650 James Burchett james.burchett@house.ga.gov https://www.legis.ga.gov/api/images/default-source/portraits/burchett-james-4967.jpg
457 30182 Tyler Paul Smith tyler.smith@house.ga.gov https://www.legis.ga.gov/api/images/default-source/portraits/smith-tyler-paul-4990.jpg
458 30445 Leesa Hagan leesa.hagan@house.ga.gov https://www.legis.ga.gov/api/images/default-source/portraits/hagan-leesa-5010.jpg
459 30538 Chris Erwin chris.erwin@house.ga.gov https://www.legis.ga.gov/api/images/default-source/portraits/erwin-chris-4965.jpg
460 31647 Sam Watson sam.watson@house.ga.gov https://www.legis.ga.gov/api/images/default-source/portraits/watson-sam-837.jpg
461 31046 Dale Washburn dale.washburn@house.ga.gov https://www.legis.ga.gov/api/images/default-source/portraits/washburn-dale-4958.jpg
462 31002 Matt Hatchett matt.hatchett@house.ga.gov https://www.legis.ga.gov/api/images/default-source/portraits/hatchett-matt-781.jpg
463 30205 Karen Mathiak karen.mathiak@house.ga.gov https://www.legis.ga.gov/api/images/default-source/portraits/mathiak-karen-4894.jpg
464 30511 Chris Erwin chris.erwin@house.ga.gov https://www.legis.ga.gov/api/images/default-source/portraits/erwin-chris-4965.jpg
465 31626 Darlene Taylor darlene.taylor@house.ga.gov https://www.legis.ga.gov/api/images/default-source/portraits/taylor-darlene-786.jpg
466 30571 Stan Gunter stan.gunter@house.ga.gov https://www.legis.ga.gov/api/images/default-source/portraits/gunter-stan-4987.jpg
467 30576 Victor Anderson victor.anderson@house.ga.gov https://www.legis.ga.gov/api/images/default-source/portraits/anderson-victor-4989.jpg
468 30669 Trey Rhodes trey.rhodes@house.ga.gov https://www.legis.ga.gov/api/images/default-source/portraits/rhodes-trey-876.jpg
469 31744 Bill Yearta bill.yearta@house.ga.gov https://www.legis.ga.gov/api/images/default-source/portraits/yearta-bill-4969.jpg
470 30663 Tim Fleming tim.fleming@house.ga.gov https://www.legis.ga.gov/api/images/default-source/portraits/fleming-tim-5046.jpg
471 31775 Penny Houston penny.houston@house.ga.gov https://www.legis.ga.gov/api/images/default-source/portraits/houston-penny-130.jpg
472 30734 Jason Ridley jason.ridley@house.ga.gov https://www.legis.ga.gov/api/images/default-source/portraits/ridley-jason-4883.jpg
473 31078 Robert Dickey robert.dickey@house.ga.gov https://www.legis.ga.gov/api/images/default-source/portraits/dickey-robert-791.jpg
474 30170 David Huddleston david.huddleston@house.ga.gov https://www.legis.ga.gov/api/images/default-source/portraits/huddleston-david-5033.jpg
475 31037 Danny Mathis danny.mathis@house.ga.gov https://www.legis.ga.gov/api/images/default-source/portraits/mathis-danny-4959.jpg
476 30124 Eddie Lumsden eddie.lumsden@house.ga.gov https://www.legis.ga.gov/api/images/default-source/portraits/lumsden-eddie-826.jpg
477 30648 Trey Rhodes trey.rhodes@house.ga.gov https://www.legis.ga.gov/api/images/default-source/portraits/rhodes-trey-876.jpg
478 31637 Penny Houston penny.houston@house.ga.gov https://www.legis.ga.gov/api/images/default-source/portraits/houston-penny-130.jpg
479 31019 Matt Hatchett matt.hatchett@house.ga.gov https://www.legis.ga.gov/api/images/default-source/portraits/hatchett-matt-781.jpg
480 30547 Chris Erwin chris.erwin@house.ga.gov https://www.legis.ga.gov/api/images/default-source/portraits/erwin-chris-4965.jpg
481 31044 Danny Mathis danny.mathis@house.ga.gov https://www.legis.ga.gov/api/images/default-source/portraits/mathis-danny-4959.jpg
482 30258 Beth Camp beth.camp@house.ga.gov https://www.legis.ga.gov/api/images/default-source/portraits/camp-beth-5004.jpg
483 30477 Brian Prince brian.prince@house.ga.gov https://www.legis.ga.gov/api/images/default-source/portraits/prince-brian-847.jpg
484 31801 Mike Cheokas mike.cheokas@house.ga.gov https://www.legis.ga.gov/api/images/default-source/portraits/cheokas-mike-81.jpg
485 31555 Steven Meeks steven.meeks@house.ga.gov https://www.legis.ga.gov/api/images/default-source/portraits/meeks-steven-4961.jpg
486 31018 Mack Jackson mack.jackson@house.ga.gov https://www.legis.ga.gov/api/images/default-source/portraits/jackson-mack-738.jpg
487 31716 Joe Campbell joe.campbell@house.ga.gov https://www.legis.ga.gov/api/images/default-source/portraits/campbell-joe-4970.jpg
488 30421 Bill Werkheiser bill.werkheiser@house.ga.gov https://www.legis.ga.gov/api/images/default-source/portraits/werkheiser-bill-863.jpg
489 31076 Patty Bentley patty.bentley@house.ga.gov https://www.legis.ga.gov/api/images/default-source/portraits/bentley-patty-811.jpg
490 31560 Steven Meeks steven.meeks@house.ga.gov https://www.legis.ga.gov/api/images/default-source/portraits/meeks-steven-4961.jpg
491 30332 Mesha Mainor mesha.mainor@house.ga.gov https://www.legis.ga.gov/api/images/default-source/portraits/mainor-mesha-4995.jpg
492 31075 Matt Hatchett matt.hatchett@house.ga.gov https://www.legis.ga.gov/api/images/default-source/portraits/hatchett-matt-781.jpg
493 30516 Alan Powell alan.powell@house.ga.gov https://www.legis.ga.gov/api/images/default-source/portraits/powell-alan-187.jpg
494 30555 David Ralston david.ralston@house.ga.gov https://www.legis.ga.gov/api/images/default-source/portraits/ralston-david-189.jpg
495 30473 Leesa Hagan leesa.hagan@house.ga.gov https://www.legis.ga.gov/api/images/default-source/portraits/hagan-leesa-5010.jpg
496 31079 Noel Williams noel.williams@house.ga.gov https://www.legis.ga.gov/api/images/default-source/portraits/williams--jr-noel-4960.jpg
497 30630 Trey Rhodes trey.rhodes@house.ga.gov https://www.legis.ga.gov/api/images/default-source/portraits/rhodes-trey-876.jpg
498 31778 John LaHood john.lahood@house.ga.gov https://www.legis.ga.gov/api/images/default-source/portraits/lahood-john-4923.jpg
499 30256 Beth Camp beth.camp@house.ga.gov https://www.legis.ga.gov/api/images/default-source/portraits/camp-beth-5004.jpg
500 30322 Mary Oliver mary.oliver@house.ga.gov https://www.legis.ga.gov/api/images/default-source/portraits/oliver-mary-margaret-181.jpg
501 30171 Mitchell Scoggins mitchell.scoggins@house.ga.gov https://www.legis.ga.gov/api/images/default-source/portraits/scoggins-mitchell-4964.jpg
502 31542 John Corbett john.corbett@house.ga.gov https://www.legis.ga.gov/api/images/default-source/portraits/corbett-john-859.jpg
503 31012 Danny Mathis danny.mathis@house.ga.gov https://www.legis.ga.gov/api/images/default-source/portraits/mathis-danny-4959.jpg
504 30627 Trey Rhodes trey.rhodes@house.ga.gov https://www.legis.ga.gov/api/images/default-source/portraits/rhodes-trey-876.jpg
505 31033 Kenneth Vance kenneth.vance@house.ga.gov https://www.legis.ga.gov/api/images/default-source/portraits/vance-kenneth-5049.jpg
506 31830 Debbie Buckner debbie.buckner@house.ga.gov https://www.legis.ga.gov/api/images/default-source/portraits/buckner-debbie-71.jpg
507 31765 Joe Campbell joe.campbell@house.ga.gov https://www.legis.ga.gov/api/images/default-source/portraits/campbell-joe-4970.jpg
508 31825 Mike Cheokas mike.cheokas@house.ga.gov https://www.legis.ga.gov/api/images/default-source/portraits/cheokas-mike-81.jpg
509 31303 Jon Burns jon.burns@house.ga.gov https://www.legis.ga.gov/api/images/default-source/portraits/burns-jon-73.jpg
510 31562 John Corbett john.corbett@house.ga.gov https://www.legis.ga.gov/api/images/default-source/portraits/corbett-john-859.jpg
511 30733 Matt Barton matt.barton@house.ga.gov https://www.legis.ga.gov/api/images/default-source/portraits/barton-matt-4966.jpg
512 31749 Penny Houston penny.houston@house.ga.gov https://www.legis.ga.gov/api/images/default-source/portraits/houston-penny-130.jpg
513 39854 Gerald Greene gerald.greene@house.ga.gov https://www.legis.ga.gov/api/images/default-source/portraits/greene-gerald-115.jpg
514 30056 Tim Fleming tim.fleming@house.ga.gov https://www.legis.ga.gov/api/images/default-source/portraits/fleming-tim-5046.jpg
515 30731 Eddie Lumsden eddie.lumsden@house.ga.gov https://www.legis.ga.gov/api/images/default-source/portraits/lumsden-eddie-826.jpg
516 31790 Clay Pirkle clay.pirkle@house.ga.gov https://www.legis.ga.gov/api/images/default-source/portraits/pirkle-clay-1877.jpg
517 31565 Steven Sainz steven.sainz@house.ga.gov https://www.legis.ga.gov/api/images/default-source/portraits/sainz-steven-4962.jpg
518 31549 Leesa Hagan leesa.hagan@house.ga.gov https://www.legis.ga.gov/api/images/default-source/portraits/hagan-leesa-5010.jpg
519 30668 Rob Leverett rob.leverett@house.ga.gov https://www.legis.ga.gov/api/images/default-source/portraits/leverett-rob-4993.jpg
520 31805 Mike Cheokas mike.cheokas@house.ga.gov https://www.legis.ga.gov/api/images/default-source/portraits/cheokas-mike-81.jpg
521 30625 Tim Fleming tim.fleming@house.ga.gov https://www.legis.ga.gov/api/images/default-source/portraits/fleming-tim-5046.jpg
522 39834 Joe Campbell joe.campbell@house.ga.gov https://www.legis.ga.gov/api/images/default-source/portraits/campbell-joe-4970.jpg
523 30805 Gloria Frazier gloria.frazier@house.ga.gov https://www.legis.ga.gov/api/images/default-source/portraits/frazier-gloria-107.jpg
524 30105 Eddie Lumsden eddie.lumsden@house.ga.gov https://www.legis.ga.gov/api/images/default-source/portraits/lumsden-eddie-826.jpg
525 30137 Matthew Gambill matthew.gambill@house.ga.gov https://www.legis.ga.gov/api/images/default-source/portraits/gambill-matthew-4934.jpg
526 39866 Gerald Greene gerald.greene@house.ga.gov https://www.legis.ga.gov/api/images/default-source/portraits/greene-gerald-115.jpg
527 31827 Debbie Buckner debbie.buckner@house.ga.gov https://www.legis.ga.gov/api/images/default-source/portraits/buckner-debbie-71.jpg
528 30810 Mack Jackson mack.jackson@house.ga.gov https://www.legis.ga.gov/api/images/default-source/portraits/jackson-mack-738.jpg
529 31781 Bill Yearta bill.yearta@house.ga.gov https://www.legis.ga.gov/api/images/default-source/portraits/yearta-bill-4969.jpg
530 31780 Mike Cheokas mike.cheokas@house.ga.gov https://www.legis.ga.gov/api/images/default-source/portraits/cheokas-mike-81.jpg
531 30251 David Jenkins david.jenkins@house.ga.gov https://www.legis.ga.gov/api/images/default-source/portraits/jenkins-david-5005.jpg
532 30575 Emory Dunahoo emory.dunahoo@house.ga.gov https://www.legis.ga.gov/api/images/default-source/portraits/dunahoo-emory-797.jpg
533 30293 David Jenkins david.jenkins@house.ga.gov https://www.legis.ga.gov/api/images/default-source/portraits/jenkins-david-5005.jpg
534 31738 Sam Watson sam.watson@house.ga.gov https://www.legis.ga.gov/api/images/default-source/portraits/watson-sam-837.jpg
535 30149 Eddie Lumsden eddie.lumsden@house.ga.gov https://www.legis.ga.gov/api/images/default-source/portraits/lumsden-eddie-826.jpg
536 30450 Butch Parrish butch.parrish@house.ga.gov https://www.legis.ga.gov/api/images/default-source/portraits/parrish-butch-183.jpg
537 31807 Richard Smith richard.smith@house.ga.gov https://www.legis.ga.gov/api/images/default-source/portraits/smith-richard-213.jpg
538 31016 Robert Dickey robert.dickey@house.ga.gov https://www.legis.ga.gov/api/images/default-source/portraits/dickey-robert-791.jpg
539 30216 Clint Crowe clint.crowe@house.ga.gov https://www.legis.ga.gov/api/images/default-source/portraits/crowe-clint-5002.jpg
540 30757 Mike Cameron mike.cameron@house.ga.gov https://www.legis.ga.gov/api/images/default-source/portraits/cameron-mike-4986.jpg
541 31826 Vance Smith vance.smith@house.ga.gov https://www.legis.ga.gov/api/images/default-source/portraits/smith-vance-215.jpg
542 30568 Victor Anderson victor.anderson@house.ga.gov https://www.legis.ga.gov/api/images/default-source/portraits/anderson-victor-4989.jpg
543 30456 Gloria Frazier gloria.frazier@house.ga.gov https://www.legis.ga.gov/api/images/default-source/portraits/frazier-gloria-107.jpg
544 31512 Clay Pirkle clay.pirkle@house.ga.gov https://www.legis.ga.gov/api/images/default-source/portraits/pirkle-clay-1877.jpg
545 30420 Leesa Hagan leesa.hagan@house.ga.gov https://www.legis.ga.gov/api/images/default-source/portraits/hagan-leesa-5010.jpg
546 30441 Butch Parrish butch.parrish@house.ga.gov https://www.legis.ga.gov/api/images/default-source/portraits/parrish-butch-183.jpg
547 39813 Gerald Greene gerald.greene@house.ga.gov https://www.legis.ga.gov/api/images/default-source/portraits/greene-gerald-115.jpg
548 30730 Eddie Lumsden eddie.lumsden@house.ga.gov https://www.legis.ga.gov/api/images/default-source/portraits/lumsden-eddie-826.jpg
549 31022 Matt Hatchett matt.hatchett@house.ga.gov https://www.legis.ga.gov/api/images/default-source/portraits/hatchett-matt-781.jpg
550 39870 Gerald Greene gerald.greene@house.ga.gov https://www.legis.ga.gov/api/images/default-source/portraits/greene-gerald-115.jpg
551 39851 Gerald Greene gerald.greene@house.ga.gov https://www.legis.ga.gov/api/images/default-source/portraits/greene-gerald-115.jpg
552 30816 Gloria Frazier gloria.frazier@house.ga.gov https://www.legis.ga.gov/api/images/default-source/portraits/frazier-gloria-107.jpg
553 31060 Danny Mathis danny.mathis@house.ga.gov https://www.legis.ga.gov/api/images/default-source/portraits/mathis-danny-4959.jpg
554 31764 Mike Cheokas mike.cheokas@house.ga.gov https://www.legis.ga.gov/api/images/default-source/portraits/cheokas-mike-81.jpg
555 31314 Buddy DeLoach buddy.deloach@house.ga.gov https://www.legis.ga.gov/api/images/default-source/portraits/deloach-buddy-303.jpg
556 39825 Joe Campbell joe.campbell@house.ga.gov https://www.legis.ga.gov/api/images/default-source/portraits/campbell-joe-4970.jpg
557 31641 John Corbett john.corbett@house.ga.gov https://www.legis.ga.gov/api/images/default-source/portraits/corbett-john-859.jpg
558 31049 Matt Hatchett matt.hatchett@house.ga.gov https://www.legis.ga.gov/api/images/default-source/portraits/hatchett-matt-781.jpg
559 31207 James Beverly james.beverly@house.ga.gov https://www.legis.ga.gov/api/images/default-source/portraits/beverly-james-793.jpg
560 30634 Rob Leverett rob.leverett@house.ga.gov https://www.legis.ga.gov/api/images/default-source/portraits/leverett-rob-4993.jpg
561 39846 Gerald Greene gerald.greene@house.ga.gov https://www.legis.ga.gov/api/images/default-source/portraits/greene-gerald-115.jpg
562 30234 Clint Crowe clint.crowe@house.ga.gov https://www.legis.ga.gov/api/images/default-source/portraits/crowe-clint-5002.jpg
563 31622 Penny Houston penny.houston@house.ga.gov https://www.legis.ga.gov/api/images/default-source/portraits/houston-penny-130.jpg
564 30446 Jon Burns jon.burns@house.ga.gov https://www.legis.ga.gov/api/images/default-source/portraits/burns-jon-73.jpg
565 30631 Trey Rhodes trey.rhodes@house.ga.gov https://www.legis.ga.gov/api/images/default-source/portraits/rhodes-trey-876.jpg
566 31058 Patty Bentley patty.bentley@house.ga.gov https://www.legis.ga.gov/api/images/default-source/portraits/bentley-patty-811.jpg
567 30602 Spencer Frye spencer.frye@house.ga.gov https://www.legis.ga.gov/api/images/default-source/portraits/frye-spencer-819.jpg
568 31795 Bill Yearta bill.yearta@house.ga.gov https://www.legis.ga.gov/api/images/default-source/portraits/yearta-bill-4969.jpg
569 30641 Bruce Williamson bruce.williamson@house.ga.gov https://www.legis.ga.gov/api/images/default-source/portraits/williamson-bruce-778.jpg
570 30552 Victor Anderson victor.anderson@house.ga.gov https://www.legis.ga.gov/api/images/default-source/portraits/anderson-victor-4989.jpg
571 39815 Joe Campbell joe.campbell@house.ga.gov https://www.legis.ga.gov/api/images/default-source/portraits/campbell-joe-4970.jpg
572 31009 Matt Hatchett matt.hatchett@house.ga.gov https://www.legis.ga.gov/api/images/default-source/portraits/hatchett-matt-781.jpg
573 31017 Danny Mathis danny.mathis@house.ga.gov https://www.legis.ga.gov/api/images/default-source/portraits/mathis-danny-4959.jpg
574 31065 Matt Hatchett matt.hatchett@house.ga.gov https://www.legis.ga.gov/api/images/default-source/portraits/hatchett-matt-781.jpg
575 31323 Al Williams al.williams@house.ga.gov https://www.legis.ga.gov/api/images/default-source/portraits/williams-al-230.jpg
576 30410 Leesa Hagan leesa.hagan@house.ga.gov https://www.legis.ga.gov/api/images/default-source/portraits/hagan-leesa-5010.jpg
577 31547 Steven Sainz steven.sainz@house.ga.gov https://www.legis.ga.gov/api/images/default-source/portraits/sainz-steven-4962.jpg
578 39886 Gerald Greene gerald.greene@house.ga.gov https://www.legis.ga.gov/api/images/default-source/portraits/greene-gerald-115.jpg
579 31712 Noel Williams noel.williams@house.ga.gov https://www.legis.ga.gov/api/images/default-source/portraits/williams--jr-noel-4960.jpg
580 31783 Clay Pirkle clay.pirkle@house.ga.gov https://www.legis.ga.gov/api/images/default-source/portraits/pirkle-clay-1877.jpg
581 31563 Bill Werkheiser bill.werkheiser@house.ga.gov https://www.legis.ga.gov/api/images/default-source/portraits/werkheiser-bill-863.jpg
582 31057 Patty Bentley patty.bentley@house.ga.gov https://www.legis.ga.gov/api/images/default-source/portraits/bentley-patty-811.jpg
583 30413 Brian Prince brian.prince@house.ga.gov https://www.legis.ga.gov/api/images/default-source/portraits/prince-brian-847.jpg
584 30452 Butch Parrish butch.parrish@house.ga.gov https://www.legis.ga.gov/api/images/default-source/portraits/parrish-butch-183.jpg
585 31829 Debbie Buckner debbie.buckner@house.ga.gov https://www.legis.ga.gov/api/images/default-source/portraits/buckner-debbie-71.jpg
586 31042 Danny Mathis danny.mathis@house.ga.gov https://www.legis.ga.gov/api/images/default-source/portraits/mathis-danny-4959.jpg
587 31097 Beth Camp beth.camp@house.ga.gov https://www.legis.ga.gov/api/images/default-source/portraits/camp-beth-5004.jpg
588 31307 Jon Burns jon.burns@house.ga.gov https://www.legis.ga.gov/api/images/default-source/portraits/burns-jon-73.jpg
589 30218 David Jenkins david.jenkins@house.ga.gov https://www.legis.ga.gov/api/images/default-source/portraits/jenkins-david-5005.jpg
590 30177 Rick Jasperse rick.jasperse@house.ga.gov https://www.legis.ga.gov/api/images/default-source/portraits/jasperse-rick-755.jpg
591 30619 Trey Rhodes trey.rhodes@house.ga.gov https://www.legis.ga.gov/api/images/default-source/portraits/rhodes-trey-876.jpg
592 31054 Danny Mathis danny.mathis@house.ga.gov https://www.legis.ga.gov/api/images/default-source/portraits/mathis-danny-4959.jpg
593 30541 David Ralston david.ralston@house.ga.gov https://www.legis.ga.gov/api/images/default-source/portraits/ralston-david-189.jpg
594 31020 Danny Mathis danny.mathis@house.ga.gov https://www.legis.ga.gov/api/images/default-source/portraits/mathis-danny-4959.jpg
595 31624 James Burchett james.burchett@house.ga.gov https://www.legis.ga.gov/api/images/default-source/portraits/burchett-james-4967.jpg
596 31789 Bill Yearta bill.yearta@house.ga.gov https://www.legis.ga.gov/api/images/default-source/portraits/yearta-bill-4969.jpg
597 30425 Butch Parrish butch.parrish@house.ga.gov https://www.legis.ga.gov/api/images/default-source/portraits/parrish-butch-183.jpg
598 31756 Sam Watson sam.watson@house.ga.gov https://www.legis.ga.gov/api/images/default-source/portraits/watson-sam-837.jpg
599 30678 Trey Rhodes trey.rhodes@house.ga.gov https://www.legis.ga.gov/api/images/default-source/portraits/rhodes-trey-876.jpg
600 31066 Robert Dickey robert.dickey@house.ga.gov https://www.legis.ga.gov/api/images/default-source/portraits/dickey-robert-791.jpg
601 31071 Noel Williams noel.williams@house.ga.gov https://www.legis.ga.gov/api/images/default-source/portraits/williams--jr-noel-4960.jpg
602 31625 John LaHood john.lahood@house.ga.gov https://www.legis.ga.gov/api/images/default-source/portraits/lahood-john-4923.jpg
603 30823 Brian Prince brian.prince@house.ga.gov https://www.legis.ga.gov/api/images/default-source/portraits/prince-brian-847.jpg
604 31787 Bill Yearta bill.yearta@house.ga.gov https://www.legis.ga.gov/api/images/default-source/portraits/yearta-bill-4969.jpg
605 31567 Clay Pirkle clay.pirkle@house.ga.gov https://www.legis.ga.gov/api/images/default-source/portraits/pirkle-clay-1877.jpg
606 31629 John LaHood john.lahood@house.ga.gov https://www.legis.ga.gov/api/images/default-source/portraits/lahood-john-4923.jpg
607 31796 Bill Yearta bill.yearta@house.ga.gov https://www.legis.ga.gov/api/images/default-source/portraits/yearta-bill-4969.jpg
608 30746 Matt Barton matt.barton@house.ga.gov https://www.legis.ga.gov/api/images/default-source/portraits/barton-matt-4966.jpg
609 31733 Clay Pirkle clay.pirkle@house.ga.gov https://www.legis.ga.gov/api/images/default-source/portraits/pirkle-clay-1877.jpg
610 31798 Clay Pirkle clay.pirkle@house.ga.gov https://www.legis.ga.gov/api/images/default-source/portraits/pirkle-clay-1877.jpg
612 31090 Danny Mathis danny.mathis@house.ga.gov https://www.legis.ga.gov/api/images/default-source/portraits/mathis-danny-4959.jpg
613 31527 Steven Sainz steven.sainz@house.ga.gov https://www.legis.ga.gov/api/images/default-source/portraits/sainz-steven-4962.jpg
614 30537 Victor Anderson victor.anderson@house.ga.gov https://www.legis.ga.gov/api/images/default-source/portraits/anderson-victor-4989.jpg
615 31077 Danny Mathis danny.mathis@house.ga.gov https://www.legis.ga.gov/api/images/default-source/portraits/mathis-danny-4959.jpg
616 31638 John LaHood john.lahood@house.ga.gov https://www.legis.ga.gov/api/images/default-source/portraits/lahood-john-4923.jpg
617 31085 Tim Fleming tim.fleming@house.ga.gov https://www.legis.ga.gov/api/images/default-source/portraits/fleming-tim-5046.jpg
618 30803 Brian Prince brian.prince@house.ga.gov https://www.legis.ga.gov/api/images/default-source/portraits/prince-brian-847.jpg
619 31824 Mike Cheokas mike.cheokas@house.ga.gov https://www.legis.ga.gov/api/images/default-source/portraits/cheokas-mike-81.jpg
620 30660 Rob Leverett rob.leverett@house.ga.gov https://www.legis.ga.gov/api/images/default-source/portraits/leverett-rob-4993.jpg
621 30426 Gloria Frazier gloria.frazier@house.ga.gov https://www.legis.ga.gov/api/images/default-source/portraits/frazier-gloria-107.jpg
622 31072 Noel Williams noel.williams@house.ga.gov https://www.legis.ga.gov/api/images/default-source/portraits/williams--jr-noel-4960.jpg
623 39861 Gerald Greene gerald.greene@house.ga.gov https://www.legis.ga.gov/api/images/default-source/portraits/greene-gerald-115.jpg
624 31784 Joe Campbell joe.campbell@house.ga.gov https://www.legis.ga.gov/api/images/default-source/portraits/campbell-joe-4970.jpg
625 31070 Patty Bentley patty.bentley@house.ga.gov https://www.legis.ga.gov/api/images/default-source/portraits/bentley-patty-811.jpg
626 30821 Mack Jackson mack.jackson@house.ga.gov https://www.legis.ga.gov/api/images/default-source/portraits/jackson-mack-738.jpg
627 30470 Leesa Hagan leesa.hagan@house.ga.gov https://www.legis.ga.gov/api/images/default-source/portraits/hagan-leesa-5010.jpg
628 39862 Gerald Greene gerald.greene@house.ga.gov https://www.legis.ga.gov/api/images/default-source/portraits/greene-gerald-115.jpg
629 30572 Stan Gunter stan.gunter@house.ga.gov https://www.legis.ga.gov/api/images/default-source/portraits/gunter-stan-4987.jpg
630 31035 Mack Jackson mack.jackson@house.ga.gov https://www.legis.ga.gov/api/images/default-source/portraits/jackson-mack-738.jpg
631 39859 Gerald Greene gerald.greene@house.ga.gov https://www.legis.ga.gov/api/images/default-source/portraits/greene-gerald-115.jpg
632 31025 Noel Williams noel.williams@house.ga.gov https://www.legis.ga.gov/api/images/default-source/portraits/williams--jr-noel-4960.jpg
633 30118 David Huddleston david.huddleston@house.ga.gov https://www.legis.ga.gov/api/images/default-source/portraits/huddleston-david-5033.jpg
634 31038 Dale Washburn dale.washburn@house.ga.gov https://www.legis.ga.gov/api/images/default-source/portraits/washburn-dale-4958.jpg
635 31552 James Burchett james.burchett@house.ga.gov https://www.legis.ga.gov/api/images/default-source/portraits/burchett-james-4967.jpg
636 30820 Mack Jackson mack.jackson@house.ga.gov https://www.legis.ga.gov/api/images/default-source/portraits/jackson-mack-738.jpg
637 31649 James Burchett james.burchett@house.ga.gov https://www.legis.ga.gov/api/images/default-source/portraits/burchett-james-4967.jpg
638 30148 Rick Jasperse rick.jasperse@house.ga.gov https://www.legis.ga.gov/api/images/default-source/portraits/jasperse-rick-755.jpg
639 30545 Stan Gunter stan.gunter@house.ga.gov https://www.legis.ga.gov/api/images/default-source/portraits/gunter-stan-4987.jpg
640 31041 Patty Bentley patty.bentley@house.ga.gov https://www.legis.ga.gov/api/images/default-source/portraits/bentley-patty-811.jpg
641 31551 Steven Meeks steven.meeks@house.ga.gov https://www.legis.ga.gov/api/images/default-source/portraits/meeks-steven-4961.jpg
642 31050 Robert Dickey robert.dickey@house.ga.gov https://www.legis.ga.gov/api/images/default-source/portraits/dickey-robert-791.jpg
643 31648 John Corbett john.corbett@house.ga.gov https://www.legis.ga.gov/api/images/default-source/portraits/corbett-john-859.jpg
644 31836 Debbie Buckner debbie.buckner@house.ga.gov https://www.legis.ga.gov/api/images/default-source/portraits/buckner-debbie-71.jpg
645 30667 Trey Rhodes trey.rhodes@house.ga.gov https://www.legis.ga.gov/api/images/default-source/portraits/rhodes-trey-876.jpg
646 31698 Dexter Sharper dexter.sharper@house.ga.gov https://www.legis.ga.gov/api/images/default-source/portraits/sharper-dexter-831.jpg
647 30562 Victor Anderson victor.anderson@house.ga.gov https://www.legis.ga.gov/api/images/default-source/portraits/anderson-victor-4989.jpg
648 39841 Gerald Greene gerald.greene@house.ga.gov https://www.legis.ga.gov/api/images/default-source/portraits/greene-gerald-115.jpg
649 31007 Patty Bentley patty.bentley@house.ga.gov https://www.legis.ga.gov/api/images/default-source/portraits/bentley-patty-811.jpg
650 31722 Sam Watson sam.watson@house.ga.gov https://www.legis.ga.gov/api/images/default-source/portraits/watson-sam-837.jpg
651 31518 Steven Meeks steven.meeks@house.ga.gov https://www.legis.ga.gov/api/images/default-source/portraits/meeks-steven-4961.jpg
652 31699 James Burchett james.burchett@house.ga.gov https://www.legis.ga.gov/api/images/default-source/portraits/burchett-james-4967.jpg
653 31409 Carl Gilliard carl.gilliard@house.ga.gov https://www.legis.ga.gov/api/images/default-source/portraits/gilliard-carl-4881.jpg
654 39826 Mike Cheokas mike.cheokas@house.ga.gov https://www.legis.ga.gov/api/images/default-source/portraits/cheokas-mike-81.jpg
655 31711 Patty Bentley patty.bentley@house.ga.gov https://www.legis.ga.gov/api/images/default-source/portraits/bentley-patty-811.jpg
656 31094 Mack Jackson mack.jackson@house.ga.gov https://www.legis.ga.gov/api/images/default-source/portraits/jackson-mack-738.jpg
657 30522 David Ralston david.ralston@house.ga.gov https://www.legis.ga.gov/api/images/default-source/portraits/ralston-david-189.jpg
658 39824 Gerald Greene gerald.greene@house.ga.gov https://www.legis.ga.gov/api/images/default-source/portraits/greene-gerald-115.jpg
659 31011 Danny Mathis danny.mathis@house.ga.gov https://www.legis.ga.gov/api/images/default-source/portraits/mathis-danny-4959.jpg
660 31812 Debbie Buckner debbie.buckner@house.ga.gov https://www.legis.ga.gov/api/images/default-source/portraits/buckner-debbie-71.jpg
661 31544 Leesa Hagan leesa.hagan@house.ga.gov https://www.legis.ga.gov/api/images/default-source/portraits/hagan-leesa-5010.jpg
662 30285 Beth Camp beth.camp@house.ga.gov https://www.legis.ga.gov/api/images/default-source/portraits/camp-beth-5004.jpg
663 30072 Viola Davis viola.davis@house.ga.gov https://www.legis.ga.gov/api/images/default-source/portraits/davis-viola-4947.jpg
664 31309 Al Williams al.williams@house.ga.gov https://www.legis.ga.gov/api/images/default-source/portraits/williams-al-230.jpg
665 30250 El-Mahdi Holly el-mahdi.holly@house.ga.gov https://www.legis.ga.gov/api/images/default-source/portraits/holly-el-mahdi-4954.jpg
666 31823 Vance Smith vance.smith@house.ga.gov https://www.legis.ga.gov/api/images/default-source/portraits/smith-vance-215.jpg
667 31550 John Corbett john.corbett@house.ga.gov https://www.legis.ga.gov/api/images/default-source/portraits/corbett-john-859.jpg
668 31532 Bill Werkheiser bill.werkheiser@house.ga.gov https://www.legis.ga.gov/api/images/default-source/portraits/werkheiser-bill-863.jpg
669 31630 John Corbett john.corbett@house.ga.gov https://www.legis.ga.gov/api/images/default-source/portraits/corbett-john-859.jpg
670 31772 Bill Yearta bill.yearta@house.ga.gov https://www.legis.ga.gov/api/images/default-source/portraits/yearta-bill-4969.jpg
671 30818 Brian Prince brian.prince@house.ga.gov https://www.legis.ga.gov/api/images/default-source/portraits/prince-brian-847.jpg
672 30455 Jon Burns jon.burns@house.ga.gov https://www.legis.ga.gov/api/images/default-source/portraits/burns-jon-73.jpg
673 31735 Mike Cheokas mike.cheokas@house.ga.gov https://www.legis.ga.gov/api/images/default-source/portraits/cheokas-mike-81.jpg
674 39877 Mike Cheokas mike.cheokas@house.ga.gov https://www.legis.ga.gov/api/images/default-source/portraits/cheokas-mike-81.jpg
675 31631 John Corbett john.corbett@house.ga.gov https://www.legis.ga.gov/api/images/default-source/portraits/corbett-john-859.jpg
676 31568 Steven Sainz steven.sainz@house.ga.gov https://www.legis.ga.gov/api/images/default-source/portraits/sainz-steven-4962.jpg
677 30454 Matt Hatchett matt.hatchett@house.ga.gov https://www.legis.ga.gov/api/images/default-source/portraits/hatchett-matt-781.jpg
678 31083 Leesa Hagan leesa.hagan@house.ga.gov https://www.legis.ga.gov/api/images/default-source/portraits/hagan-leesa-5010.jpg
679 39836 Gerald Greene gerald.greene@house.ga.gov https://www.legis.ga.gov/api/images/default-source/portraits/greene-gerald-115.jpg
680 31318 Jon Burns jon.burns@house.ga.gov https://www.legis.ga.gov/api/images/default-source/portraits/burns-jon-73.jpg
681 31623 John Corbett john.corbett@house.ga.gov https://www.legis.ga.gov/api/images/default-source/portraits/corbett-john-859.jpg
682 39867 Gerald Greene gerald.greene@house.ga.gov https://www.legis.ga.gov/api/images/default-source/portraits/greene-gerald-115.jpg
683 30812 Lynn Gladney lynn.gladney@house.ga.gov https://www.legis.ga.gov/api/images/default-source/portraits/gladney-lynn-5048.jpg
684 30336 Roger Bruce roger.bruce@house.ga.gov https://www.legis.ga.gov/api/images/default-source/portraits/bruce-roger-69.jpg
685 30708 Jason Ridley jason.ridley@house.ga.gov https://www.legis.ga.gov/api/images/default-source/portraits/ridley-jason-4883.jpg
686 31720 John LaHood john.lahood@house.ga.gov https://www.legis.ga.gov/api/images/default-source/portraits/lahood-john-4923.jpg
687 30807 Mack Jackson mack.jackson@house.ga.gov https://www.legis.ga.gov/api/images/default-source/portraits/jackson-mack-738.jpg
688 30275 Lynn Smith lynn.smith@house.ga.gov https://www.legis.ga.gov/api/images/default-source/portraits/smith-lynn-212.jpg
689 30581 Victor Anderson victor.anderson@house.ga.gov https://www.legis.ga.gov/api/images/default-source/portraits/anderson-victor-4989.jpg
690 31067 Mack Jackson mack.jackson@house.ga.gov https://www.legis.ga.gov/api/images/default-source/portraits/jackson-mack-738.jpg
692 31627 Sam Watson sam.watson@house.ga.gov https://www.legis.ga.gov/api/images/default-source/portraits/watson-sam-837.jpg
693 30464 Butch Parrish butch.parrish@house.ga.gov https://www.legis.ga.gov/api/images/default-source/portraits/parrish-butch-183.jpg
694 31810 Debbie Buckner debbie.buckner@house.ga.gov https://www.legis.ga.gov/api/images/default-source/portraits/buckner-debbie-71.jpg
695 30665 Trey Rhodes trey.rhodes@house.ga.gov https://www.legis.ga.gov/api/images/default-source/portraits/rhodes-trey-876.jpg
696 30429 Bill Werkheiser bill.werkheiser@house.ga.gov https://www.legis.ga.gov/api/images/default-source/portraits/werkheiser-bill-863.jpg
697 31832 Mike Cheokas mike.cheokas@house.ga.gov https://www.legis.ga.gov/api/images/default-source/portraits/cheokas-mike-81.jpg
699 31747 Sam Watson sam.watson@house.ga.gov https://www.legis.ga.gov/api/images/default-source/portraits/watson-sam-837.jpg
701 30751 Jason Ridley jason.ridley@house.ga.gov https://www.legis.ga.gov/api/images/default-source/portraits/ridley-jason-4883.jpg
703 31743 Bill Yearta bill.yearta@house.ga.gov https://www.legis.ga.gov/api/images/default-source/portraits/yearta-bill-4969.jpg
704 30412 Leesa Hagan leesa.hagan@house.ga.gov https://www.legis.ga.gov/api/images/default-source/portraits/hagan-leesa-5010.jpg
705 30460 Lehman Franklin lehman.franklin@house.ga.gov https://www.legis.ga.gov/api/images/default-source/portraits/franklin-lehman-5053.jpg
706 30070 Sharon Henderson sharon.henderson@house.ga.gov https://www.legis.ga.gov/api/images/default-source/portraits/henderson-sharon-5003.jpg
707 30623 Tim Fleming tim.fleming@house.ga.gov https://www.legis.ga.gov/api/images/default-source/portraits/fleming-tim-5046.jpg
708 31561 Rick Townsend rick.townsend@house.ga.gov https://www.legis.ga.gov/api/images/default-source/portraits/townsend-rick-5055.jpg
711 30573 Victor Anderson victor.anderson@house.ga.gov https://www.legis.ga.gov/api/images/default-source/portraits/anderson-victor-4989.jpg
712 31003 Danny Mathis danny.mathis@house.ga.gov https://www.legis.ga.gov/api/images/default-source/portraits/mathis-danny-4959.jpg
713 31051 Patty Bentley patty.bentley@house.ga.gov https://www.legis.ga.gov/api/images/default-source/portraits/bentley-patty-811.jpg
714 31556 Steven Meeks steven.meeks@house.ga.gov https://www.legis.ga.gov/api/images/default-source/portraits/meeks-steven-4961.jpg
715 31062 Kenneth Vance kenneth.vance@house.ga.gov https://www.legis.ga.gov/api/images/default-source/portraits/vance-kenneth-5049.jpg
716 30423 Bill Werkheiser bill.werkheiser@house.ga.gov https://www.legis.ga.gov/api/images/default-source/portraits/werkheiser-bill-863.jpg
717 30449 Jon Burns jon.burns@house.ga.gov https://www.legis.ga.gov/api/images/default-source/portraits/burns-jon-73.jpg
719 31821 Mike Cheokas mike.cheokas@house.ga.gov https://www.legis.ga.gov/api/images/default-source/portraits/cheokas-mike-81.jpg
721 30451 Butch Parrish butch.parrish@house.ga.gov https://www.legis.ga.gov/api/images/default-source/portraits/parrish-butch-183.jpg
723 31045 Mack Jackson mack.jackson@house.ga.gov https://www.legis.ga.gov/api/images/default-source/portraits/jackson-mack-738.jpg
724 30448 Butch Parrish butch.parrish@house.ga.gov https://www.legis.ga.gov/api/images/default-source/portraits/parrish-butch-183.jpg
725 30756 Jason Ridley jason.ridley@house.ga.gov https://www.legis.ga.gov/api/images/default-source/portraits/ridley-jason-4883.jpg
726 39885 Mike Cheokas mike.cheokas@house.ga.gov https://www.legis.ga.gov/api/images/default-source/portraits/cheokas-mike-81.jpg
727 31081 Patty Bentley patty.bentley@house.ga.gov https://www.legis.ga.gov/api/images/default-source/portraits/bentley-patty-811.jpg
728 31327 Buddy DeLoach buddy.deloach@house.ga.gov https://www.legis.ga.gov/api/images/default-source/portraits/deloach-buddy-303.jpg
729 30664 Trey Rhodes trey.rhodes@house.ga.gov https://www.legis.ga.gov/api/images/default-source/portraits/rhodes-trey-876.jpg
731 30284 Karen Mathiak karen.mathiak@house.ga.gov https://www.legis.ga.gov/api/images/default-source/portraits/mathiak-karen-4894.jpg
